game_id,Date,Time,Home,Away,event_id,insert_timestamp_utc
202411210CHO,2024-11-21,2024-11-21 19:00:00,CHO,DET,,2024-11-22 00:12:27.519088+00:00
202411210TOR,2024-11-21,2024-11-21 19:30:00,TOR,MIN,,2024-11-22 00:12:27.519088+00:00
202411210SAS,2024-11-21,2024-11-21 20:00:00,SAS,UTA,,2024-11-22 00:12:27.519088+00:00
202411210LAL,2024-11-21,2024-11-21 22:30:00,LAL,ORL,,2024-11-22 00:12:27.519088+00:00
202411210CHO,2024-11-21,2024-11-21 19:00:00,CHO,DET,,2024-11-22 00:17:21.899093+00:00
202411210TOR,2024-11-21,2024-11-21 19:30:00,TOR,MIN,,2024-11-22 00:17:21.899093+00:00
202411210SAS,2024-11-21,2024-11-21 20:00:00,SAS,UTA,,2024-11-22 00:17:21.899093+00:00
202411210LAL,2024-11-21,2024-11-21 22:30:00,LAL,ORL,,2024-11-22 00:17:21.899093+00:00
202411210CHO,2024-11-21,2024-11-21 19:00:00,CHO,DET,,2024-11-22 00:26:09.888159+00:00
202411210TOR,2024-11-21,2024-11-21 19:30:00,TOR,MIN,,2024-11-22 00:26:09.888159+00:00
202411210SAS,2024-11-21,2024-11-21 20:00:00,SAS,UTA,,2024-11-22 00:26:09.888159+00:00
202411210LAL,2024-11-21,2024-11-21 22:30:00,LAL,ORL,,2024-11-22 00:26:09.888159+00:00
202411220PHI,2024-11-22,2024-11-22 19:00:00,PHI,BRK,,2024-11-22 14:25:13.843124+00:00
202411220WAS,2024-11-22,2024-11-22 19:00:00,WAS,BOS,,2024-11-22 14:25:13.843124+00:00
202411220NOP,2024-11-22,2024-11-22 19:30:00,NOP,GSW,,2024-11-22 14:25:13.843124+00:00
202411220CHI,2024-11-22,2024-11-22 20:00:00,CHI,ATL,,2024-11-22 14:25:13.843124+00:00
202411220HOU,2024-11-22,2024-11-22 20:00:00,HOU,POR,,2024-11-22 14:25:13.843124+00:00
202411220MIL,2024-11-22,2024-11-22 20:00:00,MIL,IND,,2024-11-22 14:25:13.843124+00:00
202411220DEN,2024-11-22,2024-11-22 22:00:00,DEN,DAL,,2024-11-22 14:25:13.843124+00:00
202411220LAC,2024-11-22,2024-11-22 22:30:00,LAC,SAC,,2024-11-22 14:25:13.843124+00:00
202411230UTA,2024-11-23,2024-11-23 17:00:00,UTA,NYK,,2024-11-23 14:15:24.153638+00:00
202411230ORL,2024-11-23,2024-11-23 19:00:00,ORL,DET,,2024-11-23 14:15:24.153638+00:00
202411230CHI,2024-11-23,2024-11-23 20:00:00,CHI,MEM,,2024-11-23 14:15:24.153638+00:00
202411230HOU,2024-11-23,2024-11-23 20:00:00,HOU,POR,,2024-11-23 14:15:24.153638+00:00
202411230MIL,2024-11-23,2024-11-23 20:00:00,MIL,CHO,,2024-11-23 14:15:24.153638+00:00
202411230SAS,2024-11-23,2024-11-23 20:30:00,SAS,GSW,,2024-11-23 14:15:24.153638+00:00
202411230LAL,2024-11-23,2024-11-23 22:30:00,LAL,DEN,,2024-11-23 14:15:24.153638+00:00
202411240BOS,2024-11-24,2024-11-24 15:30:00,BOS,MIN,,2024-11-24 14:14:59.018700+00:00
202411240IND,2024-11-24,2024-11-24 17:00:00,IND,WAS,,2024-11-24 14:14:59.018700+00:00
202411240MIA,2024-11-24,2024-11-24 18:00:00,MIA,DAL,,2024-11-24 14:14:59.018700+00:00
202411240PHI,2024-11-24,2024-11-24 18:00:00,PHI,LAC,,2024-11-24 14:14:59.018700+00:00
202411240CLE,2024-11-24,2024-11-24 19:30:00,CLE,TOR,,2024-11-24 14:14:59.018700+00:00
202411240SAC,2024-11-24,2024-11-24 21:00:00,SAC,BRK,,2024-11-24 14:14:59.018700+00:00
202411250CHO,2024-11-25,2024-11-25 19:00:00,CHO,ORL,,2024-11-25 14:16:47.498719+00:00
202411250DET,2024-11-25,2024-11-25 19:00:00,DET,TOR,,2024-11-25 14:16:47.498719+00:00
202411250IND,2024-11-25,2024-11-25 19:00:00,IND,NOP,,2024-11-25 14:16:47.498719+00:00
202411250ATL,2024-11-25,2024-11-25 19:30:00,ATL,DAL,,2024-11-25 14:16:47.498719+00:00
202411250BOS,2024-11-25,2024-11-25 19:30:00,BOS,LAC,,2024-11-25 14:16:47.498719+00:00
202411250MEM,2024-11-25,2024-11-25 20:00:00,MEM,POR,,2024-11-25 14:16:47.498719+00:00
202411250DEN,2024-11-25,2024-11-25 21:00:00,DEN,NYK,,2024-11-25 14:16:47.498719+00:00
202411250GSW,2024-11-25,2024-11-25 22:00:00,GSW,BRK,,2024-11-25 14:16:47.498719+00:00
202411250SAC,2024-11-25,2024-11-25 22:00:00,SAC,OKC,,2024-11-25 14:16:47.498719+00:00
202411260WAS,2024-11-26,2024-11-26 19:00:00,WAS,CHI,,2024-11-26 14:16:42.848020+00:00
202411260MIA,2024-11-26,2024-11-26 19:30:00,MIA,MIL,,2024-11-26 14:16:42.848020+00:00
202411260MIN,2024-11-26,2024-11-26 20:00:00,MIN,HOU,,2024-11-26 14:16:42.848020+00:00
202411260UTA,2024-11-26,2024-11-26 21:00:00,UTA,SAS,,2024-11-26 14:16:42.848020+00:00
202411260PHO,2024-11-26,2024-11-26 22:00:00,PHO,LAL,,2024-11-26 14:16:42.848020+00:00
202412010BRK,2024-12-01,2024-12-01 15:30:00,BRK,ORL,63d09cdb1e59c1435acde1892c74c9d0,2024-12-01 19:24:40.330855+00:00
202412010MEM,2024-12-01,2024-12-01 15:30:00,MEM,IND,3b444a47972a5c9e2df655aaf00e2421,2024-12-01 19:24:40.330855+00:00
202412010CLE,2024-12-01,2024-12-01 18:00:00,CLE,BOS,93dc92cd7fc9ce1ac4da3b06e2158788,2024-12-01 19:24:40.330855+00:00
202412010NYK,2024-12-01,2024-12-01 18:00:00,NYK,NOP,3ef2b1162b9c3d3a66e556b9db6f2725,2024-12-01 19:24:40.330855+00:00
202412010TOR,2024-12-01,2024-12-01 18:00:00,TOR,MIA,9d8521a8ab02c5c86f8bec7d1af0ebe4,2024-12-01 19:24:40.330855+00:00
202412010HOU,2024-12-01,2024-12-01 19:00:00,HOU,OKC,bf975b14263b2d381ec75836a25c3cef,2024-12-01 19:24:40.330855+00:00
202412010UTA,2024-12-01,2024-12-01 20:00:00,UTA,LAL,0d3378401caed94fcf1f210413477cb8,2024-12-01 19:24:40.330855+00:00
202412010POR,2024-12-01,2024-12-01 21:00:00,POR,DAL,543fb709d4b6baf6793f197a3e1d81eb,2024-12-01 19:24:40.330855+00:00
202412010SAC,2024-12-01,2024-12-01 21:00:00,SAC,SAS,dc8372c0dddd11fb24716db6a27bc19f,2024-12-01 19:24:40.330855+00:00
202412010LAC,2024-12-01,2024-12-01 22:00:00,LAC,DEN,ccad2ed3b522ebd6d8de25f4e2a43cb9,2024-12-01 19:24:40.330855+00:00
202412010BRK,2024-12-01,2024-12-01 15:30:00,BRK,ORL,,2024-12-02 02:05:06.080584+00:00
202412010MEM,2024-12-01,2024-12-01 15:30:00,MEM,IND,,2024-12-02 02:05:06.080584+00:00
202412010CLE,2024-12-01,2024-12-01 18:00:00,CLE,BOS,,2024-12-02 02:05:06.080584+00:00
202412010NYK,2024-12-01,2024-12-01 18:00:00,NYK,NOP,,2024-12-02 02:05:06.080584+00:00
202412010TOR,2024-12-01,2024-12-01 18:00:00,TOR,MIA,,2024-12-02 02:05:06.080584+00:00
202412010HOU,2024-12-01,2024-12-01 19:00:00,HOU,OKC,bf975b14263b2d381ec75836a25c3cef,2024-12-02 02:05:06.080584+00:00
202412010UTA,2024-12-01,2024-12-01 20:00:00,UTA,LAL,0d3378401caed94fcf1f210413477cb8,2024-12-02 02:05:06.080584+00:00
202412010POR,2024-12-01,2024-12-01 21:00:00,POR,DAL,543fb709d4b6baf6793f197a3e1d81eb,2024-12-02 02:05:06.080584+00:00
202412010SAC,2024-12-01,2024-12-01 21:00:00,SAC,SAS,dc8372c0dddd11fb24716db6a27bc19f,2024-12-02 02:05:06.080584+00:00
202412010LAC,2024-12-01,2024-12-01 22:00:00,LAC,DEN,ccad2ed3b522ebd6d8de25f4e2a43cb9,2024-12-02 02:05:06.080584+00:00
202412020ATL,2024-12-02,2024-12-02 19:30:00,ATL,NOP,f39bf2e3df253fc7f6af9c6cf532b6a9,2024-12-03 02:01:51.588519+00:00
202412020BOS,2024-12-02,2024-12-02 19:30:00,BOS,MIA,3bc9be32097c263541ef9179500048c3,2024-12-03 02:01:51.588519+00:00
202412020CHI,2024-12-02,2024-12-02 20:00:00,CHI,BRK,50bd2a1df8fb7f7af8d8cef115cfbfdd,2024-12-03 02:01:51.588519+00:00
202412020MIN,2024-12-02,2024-12-02 20:00:00,MIN,LAL,01f6fb3f81f056771f34518ee02cbe20,2024-12-03 02:01:51.588519+00:00
202412030CHO,2024-12-03,2024-12-03 19:00:00,CHO,PHI,a529d206e3ed0dfda3123b17eab6a162,2024-12-03 14:15:08.087120+00:00
202412030CLE,2024-12-03,2024-12-03 19:00:00,CLE,WAS,476416aa38d1c8fb8a9bfc5ae8fe6251,2024-12-03 14:15:08.087120+00:00
202412030DET,2024-12-03,2024-12-03 19:00:00,DET,MIL,51b9bfc3b65785071f6baf407abb4cbd,2024-12-03 14:15:08.087120+00:00
202412030NYK,2024-12-03,2024-12-03 19:30:00,NYK,ORL,823e03f1e150f589e94392112743e204,2024-12-03 14:15:08.087120+00:00
202412030TOR,2024-12-03,2024-12-03 19:30:00,TOR,IND,f53359e43a9975db8b93a561183faeb8,2024-12-03 14:15:08.087120+00:00
202412030OKC,2024-12-03,2024-12-03 20:00:00,OKC,UTA,09758dcdf7adb5fded5490f2191ba107,2024-12-03 14:15:08.087120+00:00
202412030DAL,2024-12-03,2024-12-03 20:30:00,DAL,MEM,6060ee0918c66681cee75352d305f91c,2024-12-03 14:15:08.087120+00:00
202412030PHO,2024-12-03,2024-12-03 21:00:00,PHO,SAS,413cdfb55ea70d2f55ddc47233d14b99,2024-12-03 14:15:08.087120+00:00
202412030DEN,2024-12-03,2024-12-03 22:00:00,DEN,GSW,eaf04a3044de875dc6c83132d04ae9f6,2024-12-03 14:15:08.087120+00:00
202412030SAC,2024-12-03,2024-12-03 22:00:00,SAC,HOU,30f75d85c74e0811f06c0fbe86044f54,2024-12-03 14:15:08.087120+00:00
202412030LAC,2024-12-03,2024-12-03 22:30:00,LAC,POR,e707fb0dc8825d51e20056a4bcaa4fa8,2024-12-03 14:15:08.087120+00:00
202412040BOS,2024-12-04,2024-12-04 19:30:00,BOS,DET,a521a13f2cf073291f8bffac0ba75837,2024-12-04 14:17:11.608816+00:00
202412040BRK,2024-12-04,2024-12-04 19:30:00,BRK,IND,9da7eeb45b9873ae6df89b33a573fd7f,2024-12-04 14:17:11.608816+00:00
202412040MIA,2024-12-04,2024-12-04 19:30:00,MIA,LAL,f1bb4f3b905e5b9437c3c0ea33b8769c,2024-12-04 14:17:11.608816+00:00
202412040PHI,2024-12-04,2024-12-04 19:30:00,PHI,ORL,417efaa5b7a4706dfa04b33aef252675,2024-12-04 14:17:11.608816+00:00
202412040MIL,2024-12-04,2024-12-04 20:00:00,MIL,ATL,f1ab290af81df58166c626360d5e62cc,2024-12-04 14:17:11.608816+00:00
202412040LAC,2024-12-04,2024-12-04 22:30:00,LAC,MIN,d0f89787fe1b4d71bac9102a21327f99,2024-12-04 14:17:11.608816+00:00
202412050CLE,2024-12-05,2024-12-05 19:00:00,CLE,DEN,ca4bb2d50c5d55cf031d8cad02d92b7a,2024-12-05 14:16:49.808678+00:00
202412050WAS,2024-12-05,2024-12-05 19:00:00,WAS,DAL,40960b0e939d16dfb5565e4b010eb92e,2024-12-05 14:16:49.808678+00:00
202412050NYK,2024-12-05,2024-12-05 19:30:00,NYK,CHO,798c3ee76086c9f5cadfbd86b4e58d3b,2024-12-05 14:16:49.808678+00:00
202412050TOR,2024-12-05,2024-12-05 19:30:00,TOR,OKC,6f03cdfc23339b78c996582d25c31370,2024-12-05 14:16:49.808678+00:00
202412050MEM,2024-12-05,2024-12-05 20:00:00,MEM,SAC,0ae64846be96f62ac260ab692449e0c1,2024-12-05 14:16:49.808678+00:00
202412050NOP,2024-12-05,2024-12-05 20:00:00,NOP,PHO,c4ce3c29c8d33833f12d44896aeb1d58,2024-12-05 14:16:49.808678+00:00
202412050SAS,2024-12-05,2024-12-05 20:00:00,SAS,CHI,8d2bb8205f807002d278230d36fcc28e,2024-12-05 14:16:49.808678+00:00
202412050GSW,2024-12-05,2024-12-05 22:00:00,GSW,HOU,326c817bae57ebf40a20871f95c4e1ad,2024-12-05 14:16:49.808678+00:00
202412060PHI,2024-12-06,2024-12-06 19:00:00,PHI,ORL,cc7e0e6b1a36a1ac19c0d74550479f67,2024-12-06 14:15:39.501957+00:00
202412060ATL,2024-12-06,2024-12-06 19:30:00,ATL,LAL,054686aafaf26a3a9c0cb2d3f85f7e1a,2024-12-06 14:15:39.501957+00:00
202412060BOS,2024-12-06,2024-12-06 19:30:00,BOS,MIL,777d86c37951e9c17d4b0c10571de4c0,2024-12-06 14:15:39.501957+00:00
202412060CHI,2024-12-06,2024-12-06 20:00:00,CHI,IND,2a9e5dccbd62f770ab94b927a2861f5b,2024-12-06 14:15:39.501957+00:00
202412060SAS,2024-12-06,2024-12-06 20:00:00,SAS,SAC,77eeb214cb14729b743e125373a73f04,2024-12-06 14:15:39.501957+00:00
202412060GSW,2024-12-06,2024-12-06 22:00:00,GSW,MIN,8da11d2f43b74f5a290662bef25077b6,2024-12-06 14:15:39.501957+00:00
202412060POR,2024-12-06,2024-12-06 22:00:00,POR,UTA,7e9b9a80be69537fba4e661ad6475a08,2024-12-06 14:15:39.501957+00:00
202412060PHI,2024-12-06,2024-12-06 19:00:00,PHI,ORL,cc7e0e6b1a36a1ac19c0d74550479f67,2024-12-06 14:26:08.574203+00:00
202412060ATL,2024-12-06,2024-12-06 19:30:00,ATL,LAL,054686aafaf26a3a9c0cb2d3f85f7e1a,2024-12-06 14:26:08.574203+00:00
202412060BOS,2024-12-06,2024-12-06 19:30:00,BOS,MIL,777d86c37951e9c17d4b0c10571de4c0,2024-12-06 14:26:08.574203+00:00
202412060CHI,2024-12-06,2024-12-06 20:00:00,CHI,IND,2a9e5dccbd62f770ab94b927a2861f5b,2024-12-06 14:26:08.574203+00:00
202412060SAS,2024-12-06,2024-12-06 20:00:00,SAS,SAC,77eeb214cb14729b743e125373a73f04,2024-12-06 14:26:08.574203+00:00
202412060GSW,2024-12-06,2024-12-06 22:00:00,GSW,MIN,8da11d2f43b74f5a290662bef25077b6,2024-12-06 14:26:08.574203+00:00
202412060POR,2024-12-06,2024-12-06 22:00:00,POR,UTA,7e9b9a80be69537fba4e661ad6475a08,2024-12-06 14:26:08.574203+00:00
202412060PHI,2024-12-06,2024-12-06 19:00:00,PHI,ORL,cc7e0e6b1a36a1ac19c0d74550479f67,2024-12-06 14:31:12.496513+00:00
202412060ATL,2024-12-06,2024-12-06 19:30:00,ATL,LAL,054686aafaf26a3a9c0cb2d3f85f7e1a,2024-12-06 14:31:12.496513+00:00
202412060BOS,2024-12-06,2024-12-06 19:30:00,BOS,MIL,777d86c37951e9c17d4b0c10571de4c0,2024-12-06 14:31:12.496513+00:00
202412060CHI,2024-12-06,2024-12-06 20:00:00,CHI,IND,2a9e5dccbd62f770ab94b927a2861f5b,2024-12-06 14:31:12.496513+00:00
202412060SAS,2024-12-06,2024-12-06 20:00:00,SAS,SAC,77eeb214cb14729b743e125373a73f04,2024-12-06 14:31:12.496513+00:00
202412060GSW,2024-12-06,2024-12-06 22:00:00,GSW,MIN,8da11d2f43b74f5a290662bef25077b6,2024-12-06 14:31:12.496513+00:00
202412060POR,2024-12-06,2024-12-06 22:00:00,POR,UTA,7e9b9a80be69537fba4e661ad6475a08,2024-12-06 14:31:12.496513+00:00
202412070CHO,2024-12-07,2024-12-07 13:00:00,CHO,CLE,223a860079cb85067264a18d348a9b3f,2024-12-07 14:14:07.788716+00:00
202412070NOP,2024-12-07,2024-12-07 19:00:00,NOP,OKC,53f2f3e546f666cc19dc82a02f0e76fe,2024-12-07 14:14:07.788716+00:00
202412070WAS,2024-12-07,2024-12-07 19:00:00,WAS,DEN,2d89d4690f6f62dd422e539fbb16c997,2024-12-07 14:14:07.788716+00:00
202412070NYK,2024-12-07,2024-12-07 19:30:00,NYK,DET,77e6e9aaf71d7c5297ed7a1152c967f4,2024-12-07 14:14:07.788716+00:00
202412070TOR,2024-12-07,2024-12-07 19:30:00,TOR,DAL,2f39629dea728dc80d1173ff831453a1,2024-12-07 14:14:07.788716+00:00
202412070BOS,2024-12-07,2024-12-07 20:00:00,BOS,MEM,df1b3decfabf837d1854ef97683838de,2024-12-07 14:14:07.788716+00:00
202412070MIA,2024-12-07,2024-12-07 20:00:00,MIA,PHO,532f3d249b5041fc73a13cfc992d24dd,2024-12-07 14:14:07.788716+00:00
202412080CHI,2024-12-08,2024-12-08 13:00:00,CHI,PHI,17428abcf1af6a66a8040613d5b3f5d1,2024-12-08 14:14:16.355334+00:00
202412080BRK,2024-12-08,2024-12-08 15:30:00,BRK,MIL,b04a03862d6825f5e36e9a66f9c1888f,2024-12-08 14:14:16.355334+00:00
202412080IND,2024-12-08,2024-12-08 17:00:00,IND,CHO,893abcad44bcaefd924d3fc880cce6c4,2024-12-08 14:14:16.355334+00:00
202412080ATL,2024-12-08,2024-12-08 18:00:00,ATL,DEN,9fe0bbe2b1e033ae048452a8285d1bc1,2024-12-08 14:14:16.355334+00:00
202412080MIA,2024-12-08,2024-12-08 18:00:00,MIA,CLE,eb7c4b88e286929ef2a576fe508e2169,2024-12-08 14:14:16.355334+00:00
202412080ORL,2024-12-08,2024-12-08 18:30:00,ORL,PHO,0ccc7d1a321b80fb5bb3db3d6f0e6427,2024-12-08 14:14:16.355334+00:00
202412080SAS,2024-12-08,2024-12-08 19:00:00,SAS,NOP,1546bea5c1e65c866ee758b94a5f9527,2024-12-08 14:14:16.355334+00:00
202412080WAS,2024-12-08,2024-12-08 19:00:00,WAS,MEM,6f7b9dfc4b525c5a8dc930da48dd92e2,2024-12-08 14:14:16.355334+00:00
202412080GSW,2024-12-08,2024-12-08 20:30:00,GSW,MIN,3cdac2eab39fad8c74a6291b911ea993,2024-12-08 14:14:16.355334+00:00
202412080LAC,2024-12-08,2024-12-08 21:00:00,LAC,HOU,fb8aee02b1cddedd9e4156f5853e2727,2024-12-08 14:14:16.355334+00:00
202412080SAC,2024-12-08,2024-12-08 21:00:00,SAC,UTA,42dde05336b258ab17e18670922ff9c9,2024-12-08 14:14:16.355334+00:00
202412080LAL,2024-12-08,2024-12-08 21:30:00,LAL,POR,0717c42f68b5c2524c27431cf8861329,2024-12-08 14:14:16.355334+00:00
202412090TOR,2024-12-09,2024-12-09 19:30:00,TOR,NYK,081e6621470f217e705dfdb7a7002270,2024-12-09 14:16:35.103989+00:00
202412100MIL,2024-12-10,2024-12-10 19:00:00,MIL,ORL,7e2048eb3f47487e576dae3b41d296bf,2024-12-10 14:16:36.899602+00:00
202412100OKC,2024-12-10,2024-12-10 21:30:00,OKC,DAL,9267739cadf69b4bab8e7b7815d8b5e7,2024-12-10 14:16:36.899602+00:00
202412110NYK,2024-12-11,2024-12-11 19:00:00,NYK,ATL,0667c1e4b0ffd20ab6acdceee432183f,2024-12-11 15:07:36.136741+00:00
202412110HOU,2024-12-11,2024-12-11 21:30:00,HOU,GSW,15efbb0a504a461af257905a64ad03f0,2024-12-11 15:07:36.136741+00:00
202412120BOS,2024-12-12,2024-12-12 19:30:00,BOS,DET,7008c6d2f130e944fdd99fc0ca2c2952,2024-12-12 14:16:36.778028+00:00
202412120MIA,2024-12-12,2024-12-12 19:30:00,MIA,TOR,43ca075ce123acf59381e4455bfb54b0,2024-12-12 14:16:36.778028+00:00
202412120NOP,2024-12-12,2024-12-12 20:00:00,NOP,SAC,48451f605af0efc8aa220afa2c3394da,2024-12-12 14:16:36.778028+00:00
202412130CLE,2024-12-13,2024-12-13 19:00:00,CLE,WAS,571baeece08b336e3826b7ca98b656d6,2024-12-13 14:18:06.082875+00:00
202412130PHI,2024-12-13,2024-12-13 19:00:00,PHI,IND,d051b9de0b1bf363e5827f1b2845e1a1,2024-12-13 14:18:06.082875+00:00
202412130CHI,2024-12-13,2024-12-13 20:00:00,CHI,CHO,588eb7f774dce2830329b5f78d43baa1,2024-12-13 14:18:06.082875+00:00
202412130MEM,2024-12-13,2024-12-13 20:00:00,MEM,BRK,bec5c54189264e7ee9b5f331f1769d30,2024-12-13 14:18:06.082875+00:00
202412130MIN,2024-12-13,2024-12-13 20:00:00,MIN,LAL,623861b782c1cc51619c7dee7b916d40,2024-12-13 14:18:06.082875+00:00
202412130DEN,2024-12-13,2024-12-13 21:00:00,DEN,LAC,ea90eb672a04820dcd2b3c397a95c336,2024-12-13 14:18:06.082875+00:00
202412130UTA,2024-12-13,2024-12-13 21:30:00,UTA,PHO,cd8c159ede7f08847d2d82bb92bc08b4,2024-12-13 14:18:06.082875+00:00
202412130POR,2024-12-13,2024-12-13 22:00:00,POR,SAS,01e15864afd824ea8f60b9766da2b1b6,2024-12-13 14:18:06.082875+00:00
202412140MIL,2024-12-14,2024-12-14 16:30:00,MIL,ATL,,2024-12-15 01:22:51.736974+00:00
202412140OKC,2024-12-14,2024-12-14 20:30:00,OKC,HOU,5a58a058b265aa10346a63c741bfdc43,2024-12-15 01:22:51.736974+00:00
202412150IND,2024-12-15,2024-12-15 17:00:00,IND,NOP,d39aa4878e703e91b1aa9e62e785375a,2024-12-15 14:15:53.375327+00:00
202412150ORL,2024-12-15,2024-12-15 18:00:00,ORL,NYK,a4bdbd45f909b1f12bcb318d61e628ca,2024-12-15 14:15:53.375327+00:00
202412150WAS,2024-12-15,2024-12-15 18:00:00,WAS,BOS,d06ca60172ba8aa0a163912aef82c90c,2024-12-15 14:15:53.375327+00:00
202412150SAS,2024-12-15,2024-12-15 19:00:00,SAS,MIN,e45d417f345d21a702da9414af2aee73,2024-12-15 14:15:53.375327+00:00
202412150PHO,2024-12-15,2024-12-15 20:00:00,PHO,POR,0410ba016f5c48252bf26ebb09e5f08a,2024-12-15 14:15:53.375327+00:00
202412150GSW,2024-12-15,2024-12-15 20:30:00,GSW,DAL,2ed631812e25779f3ad3703ec54656b5,2024-12-15 14:15:53.375327+00:00
202412150LAL,2024-12-15,2024-12-15 21:30:00,LAL,MEM,dcd0da92bf3c4f3a97d2023b9ac14ae8,2024-12-15 14:15:53.375327+00:00
202412160CHO,2024-12-16,2024-12-16 19:00:00,CHO,PHI,2a31912a9ecdfebe488e739445bb3433,2024-12-16 14:19:34.276638+00:00
202412160DET,2024-12-16,2024-12-16 19:00:00,DET,MIA,7443aaf02669cab6651424f81b3ede58,2024-12-16 14:19:34.276638+00:00
202412160BRK,2024-12-16,2024-12-16 19:30:00,BRK,CLE,edcdaa8d607277d189d7993fe9c396e6,2024-12-16 14:19:34.276638+00:00
202412160TOR,2024-12-16,2024-12-16 19:30:00,TOR,CHI,5f31a3ad7465f5265d9f393ed141f213,2024-12-16 14:19:34.276638+00:00
202412160SAC,2024-12-16,2024-12-16 22:00:00,SAC,DEN,04f9c6a45bf9361d47a32ac0542bb3e4,2024-12-16 14:19:34.276638+00:00
202412160LAC,2024-12-16,2024-12-16 22:30:00,LAC,UTA,d298cc7d7547424883b2ddffcc91a730,2024-12-16 14:19:34.276638+00:00
202412190DET,2024-12-19,2024-12-19 19:00:00,DET,UTA,4da343a0092066f8ba76605cc93f9e99,2024-12-19 16:43:10.433566+00:00
202412190ORL,2024-12-19,2024-12-19 19:00:00,ORL,OKC,9bcbac9c9a2d69aba5d65416ad520221,2024-12-19 16:43:10.433566+00:00
202412190WAS,2024-12-19,2024-12-19 19:00:00,WAS,CHO,689e962f39b76d1fbb129c94a56cfb65,2024-12-19 16:43:10.433566+00:00
202412190BOS,2024-12-19,2024-12-19 19:30:00,BOS,CHI,7a9b0d738dd82c314cc060949d355833,2024-12-19 16:43:10.433566+00:00
202412190TOR,2024-12-19,2024-12-19 19:30:00,TOR,BRK,4f50ef6ba691863493d1518e5809002a,2024-12-19 16:43:10.433566+00:00
202412190HOU,2024-12-19,2024-12-19 20:00:00,HOU,NOP,060d352f0c7cb2692c6265d50e2fe240,2024-12-19 16:43:10.433566+00:00
202412190MEM,2024-12-19,2024-12-19 20:00:00,MEM,GSW,a53d227fcd0b37ba102524b758d0322e,2024-12-19 16:43:10.433566+00:00
202412190SAS,2024-12-19,2024-12-19 20:00:00,SAS,ATL,0837d9568df4daac2dd707b8e927b9d3,2024-12-19 16:43:10.433566+00:00
202412190DAL,2024-12-19,2024-12-19 20:30:00,DAL,LAC,301210ba967d10356037e1f79a5e0d02,2024-12-19 16:43:10.433566+00:00
202412190PHO,2024-12-19,2024-12-19 21:00:00,PHO,IND,ee575ce96a769e7bdb5d7d2609a7fca0,2024-12-19 16:43:10.433566+00:00
202412190MIN,2024-12-19,2024-12-19 21:30:00,MIN,NYK,1c742df7f4aebc9328c3824455b24eee,2024-12-19 16:43:10.433566+00:00
202412190POR,2024-12-19,2024-12-19 22:00:00,POR,DEN,5fd5e867bfeef8ce745416d8749be6e6,2024-12-19 16:43:10.433566+00:00
202412190SAC,2024-12-19,2024-12-19 22:00:00,SAC,LAL,69b2a23ca9e715f8b441c297d40f2028,2024-12-19 16:43:10.433566+00:00
202412200PHI,2024-12-20,2024-12-20 19:00:00,PHI,CHO,2a7dbcfb83d9321a10d76ff067ee48e8,2024-12-20 14:18:49.365681+00:00
202412200CLE,2024-12-20,2024-12-20 19:30:00,CLE,MIL,de4b0a58518b04e6a594bf13cf088bf9,2024-12-20 14:18:49.365681+00:00
202412200MIA,2024-12-20,2024-12-20 20:00:00,MIA,OKC,7e71c7e05484687ee8c14b8a0b9ab364,2024-12-20 14:18:49.365681+00:00
202412210SAC,2024-12-21,2024-12-21 18:00:00,SAC,LAL,6c862db84095718c9991f8b053ee0f97,2024-12-21 14:14:40.364726+00:00
202412210ORL,2024-12-21,2024-12-21 19:00:00,ORL,MIA,18aa38443177f6700205547721af548f,2024-12-21 14:14:40.364726+00:00
202412210ATL,2024-12-21,2024-12-21 19:30:00,ATL,MEM,83b021d80acb98e663163868877a0a18,2024-12-21 14:14:40.364726+00:00
202412210BRK,2024-12-21,2024-12-21 19:30:00,BRK,UTA,6504e5952ce79a153f38459f95a047fb,2024-12-21 14:14:40.364726+00:00
202412210CHI,2024-12-21,2024-12-21 20:00:00,CHI,BOS,dae3fc7ce74c00ce2864375961c2e1c4,2024-12-21 14:14:40.364726+00:00
202412210CLE,2024-12-21,2024-12-21 20:00:00,CLE,PHI,c2ada948dd2fde81b6268f418bfe3f52,2024-12-21 14:14:40.364726+00:00
202412210MIL,2024-12-21,2024-12-21 20:00:00,MIL,WAS,dde018748d6f9c1384f4ac2ed1594024,2024-12-21 14:14:40.364726+00:00
202412210MIN,2024-12-21,2024-12-21 20:00:00,MIN,GSW,b9d90ca3edc4711f12b18ca7946846ce,2024-12-21 14:14:40.364726+00:00
202412210NOP,2024-12-21,2024-12-21 20:00:00,NOP,NYK,a52558d9391d7cf1e5aa6edbb2b08aa7,2024-12-21 14:14:40.364726+00:00
202412210DAL,2024-12-21,2024-12-21 20:30:00,DAL,LAC,73dfe6579a2b46bfb459afc35e214797,2024-12-21 14:14:40.364726+00:00
202412210SAS,2024-12-21,2024-12-21 20:30:00,SAS,POR,36ec65d55154bf5da3ee0058205e11b5,2024-12-21 14:14:40.364726+00:00
202412210PHO,2024-12-21,2024-12-21 21:00:00,PHO,DET,9a00be7e1e076a07bdae93cacf15456e,2024-12-21 14:14:40.364726+00:00
202412220SAC,2024-12-22,2024-12-22 18:00:00,SAC,IND,34df465b55c9b15d02fdfde3184afacc,2024-12-22 14:57:10.587879+00:00
202412220TOR,2024-12-22,2024-12-22 18:00:00,TOR,HOU,06bea5c751ad73d3977dc90d2b8e198b,2024-12-22 14:57:10.587879+00:00
202412220NOP,2024-12-22,2024-12-22 19:00:00,NOP,DEN,01d70bf94d2e1519cbfbfb51c684fc25,2024-12-22 14:57:10.587879+00:00
202412230CHO,2024-12-23,2024-12-23 19:00:00,CHO,HOU,3f8dcdc2520a406d27bdddd648fdd1e3,2024-12-23 14:16:42.529057+00:00
202412230CLE,2024-12-23,2024-12-23 19:00:00,CLE,UTA,8b97a1006b31e8e04032fdde4532b193,2024-12-23 14:16:42.529057+00:00
202412230ORL,2024-12-23,2024-12-23 19:00:00,ORL,BOS,30397cce5394ae6ddb2c658d04968cfa,2024-12-23 14:16:42.529057+00:00
202412230PHI,2024-12-23,2024-12-23 19:00:00,PHI,SAS,d040eb23dfbc283aea0d74734bf4407f,2024-12-23 14:16:42.529057+00:00
202412230ATL,2024-12-23,2024-12-23 19:30:00,ATL,MIN,57afe6dde59b6c16ef531b74a94033a5,2024-12-23 14:16:42.529057+00:00
202412230MIA,2024-12-23,2024-12-23 19:30:00,MIA,BRK,18aaff6c645021bf95f39e0e73f59871,2024-12-23 14:16:42.529057+00:00
202412230NYK,2024-12-23,2024-12-23 19:30:00,NYK,TOR,d18868492802b762e425d1280c791373,2024-12-23 14:16:42.529057+00:00
202412230CHI,2024-12-23,2024-12-23 20:00:00,CHI,MIL,d981712f3f0aa1f3864dda6040a05a3f,2024-12-23 14:16:42.529057+00:00
202412230MEM,2024-12-23,2024-12-23 20:00:00,MEM,LAC,80bb19938199e433727700a204ade43f,2024-12-23 14:16:42.529057+00:00
202412230OKC,2024-12-23,2024-12-23 20:00:00,OKC,WAS,48656b41c4f2e42dee4c455d2f88de52,2024-12-23 14:16:42.529057+00:00
202412230DAL,2024-12-23,2024-12-23 20:30:00,DAL,POR,24dc530655644f98609de8f7c33c465a,2024-12-23 14:16:42.529057+00:00
202412230DEN,2024-12-23,2024-12-23 22:00:00,DEN,PHO,38bdace5e2d728fa7daced7f3705071f,2024-12-23 14:16:42.529057+00:00
202412230GSW,2024-12-23,2024-12-23 22:00:00,GSW,IND,4ce62dddd2bc680984fcefa576c224fd,2024-12-23 14:16:42.529057+00:00
202412230LAL,2024-12-23,2024-12-23 22:30:00,LAL,DET,2e4aac41db6b060069cef597eaa36189,2024-12-23 14:16:42.529057+00:00
202412250NYK,2024-12-25,2024-12-25 12:00:00,NYK,SAS,973a6ea86af7d9e2bf4c52509822f5bf,2024-12-25 17:42:37.475060+00:00
202412250DAL,2024-12-25,2024-12-25 14:30:00,DAL,MIN,07a07eaa8f786d68cb371107f36f5b33,2024-12-25 17:42:37.475060+00:00
202412250BOS,2024-12-25,2024-12-25 17:00:00,BOS,PHI,6f66bc2154fb45b2047e1c1c5afcdc38,2024-12-25 17:42:37.475060+00:00
202412250GSW,2024-12-25,2024-12-25 20:00:00,GSW,LAL,bc6f994bad539db5054c8b750c437fb8,2024-12-25 17:42:37.475060+00:00
202412250PHO,2024-12-25,2024-12-25 22:30:00,PHO,DEN,22a9b650e64ca15cb0c83dc0148a571e,2024-12-25 17:42:37.475060+00:00
202412260IND,2024-12-26,2024-12-26 19:00:00,IND,OKC,e21b40ce22364256e88f6c0ad7193033,2024-12-26 14:16:33.412093+00:00
202412260ORL,2024-12-26,2024-12-26 19:00:00,ORL,MIA,e39267d11691e68e77ef431e52fdb11e,2024-12-26 14:16:33.412093+00:00
202412260WAS,2024-12-26,2024-12-26 19:00:00,WAS,CHO,4bfd5b23c0d4cad658d4a20ea0f06955,2024-12-26 14:16:33.412093+00:00
202412260ATL,2024-12-26,2024-12-26 19:30:00,ATL,CHI,af06375b9911e15a6f5d2b3de8705daf,2024-12-26 14:16:33.412093+00:00
202412260MEM,2024-12-26,2024-12-26 20:00:00,MEM,TOR,cbe24b9f6a6dd3e656d4dd1eb7850341,2024-12-26 14:16:33.412093+00:00
202412260MIL,2024-12-26,2024-12-26 20:00:00,MIL,BRK,f90f5c23b0fa7053a26e7a0568c8fa39,2024-12-26 14:16:33.412093+00:00
202412260NOP,2024-12-26,2024-12-26 20:00:00,NOP,HOU,db1120a8a9bf3cb147989817bc5bdaad,2024-12-26 14:16:33.412093+00:00
202412260POR,2024-12-26,2024-12-26 22:00:00,POR,UTA,419d8d371201cc9b15e2784811c98d1c,2024-12-26 14:16:33.412093+00:00
202412260SAC,2024-12-26,2024-12-26 22:00:00,SAC,DET,6d8fe26d7672819d7668680ebe499cc1,2024-12-26 14:16:33.412093+00:00
202412270ORL,2024-12-27,2024-12-27 19:00:00,ORL,NYK,7a05980674f68bc16f680e72ec56a341,2024-12-27 14:17:56.288122+00:00
202412270BOS,2024-12-27,2024-12-27 19:30:00,BOS,IND,dbc1c5cdc05f9f23ad5ba940b826dbe8,2024-12-27 14:17:56.288122+00:00
202412270BRK,2024-12-27,2024-12-27 19:30:00,BRK,SAS,1469ef9c9f1234b6e4b4459d278febf9,2024-12-27 14:17:56.288122+00:00
202412270HOU,2024-12-27,2024-12-27 20:00:00,HOU,MIN,6d8f048a883629979e17719317a2cffd,2024-12-27 14:17:56.288122+00:00
202412270NOP,2024-12-27,2024-12-27 20:00:00,NOP,MEM,bc47b4f184c141ec9dfeee3384a9aada,2024-12-27 14:17:56.288122+00:00
202412270DEN,2024-12-27,2024-12-27 21:00:00,DEN,CLE,e7c8bb79711405f088d6e1a5aa8c8611,2024-12-27 14:17:56.288122+00:00
202412270PHO,2024-12-27,2024-12-27 21:00:00,PHO,DAL,dd5c7ce9aab037d3f7c681c18576ca9b,2024-12-27 14:17:56.288122+00:00
202412270LAC,2024-12-27,2024-12-27 22:00:00,LAC,GSW,cff4f10e2bdfa44473fd70dd746dafec,2024-12-27 14:17:56.288122+00:00
202412280ATL,2024-12-28,2024-12-28 15:00:00,ATL,MIA,19588d18dd485a02f3cd4b0205255548,2024-12-28 14:16:00.575277+00:00
202412280CHO,2024-12-28,2024-12-28 18:00:00,CHO,OKC,95cbd0296c0f0db22d72550d5cbdc127,2024-12-28 14:16:00.575277+00:00
202412280WAS,2024-12-28,2024-12-28 19:00:00,WAS,NYK,344f56fc125c7da72e13ee290d092afa,2024-12-28 14:16:00.575277+00:00
202412280CHI,2024-12-28,2024-12-28 20:00:00,CHI,MIL,40e1ec3c8239124263fe3b44acd212a3,2024-12-28 14:16:00.575277+00:00
202412280GSW,2024-12-28,2024-12-28 20:30:00,GSW,PHO,e39682fc30c7ab5da3052a91ece65b60,2024-12-28 14:16:00.575277+00:00
202412280DEN,2024-12-28,2024-12-28 21:00:00,DEN,DET,efb1af33c4ee8c1152e9f4c8fa696aed,2024-12-28 14:16:00.575277+00:00
202412280UTA,2024-12-28,2024-12-28 21:30:00,UTA,PHI,069de53617a33409fad9af82b567b9b1,2024-12-28 14:16:00.575277+00:00
202412280POR,2024-12-28,2024-12-28 22:00:00,POR,DAL,db7e00deff470f6ae263cb4382733028,2024-12-28 14:16:00.575277+00:00
202412280LAL,2024-12-28,2024-12-28 22:30:00,LAL,SAC,5c003c67504420c3b2d17099ec541204,2024-12-28 14:16:00.575277+00:00
202412290ORL,2024-12-29,2024-12-29 15:30:00,ORL,BRK,5d7315a20314b4214c36dbb8e66e153d,2024-12-29 14:16:14.588077+00:00
202412290BOS,2024-12-29,2024-12-29 18:00:00,BOS,IND,d3ae24d0197450a3e35f06815f27c0d9,2024-12-29 14:16:14.588077+00:00
202412290TOR,2024-12-29,2024-12-29 18:00:00,TOR,ATL,fb14bcb5417043c018da7f5a62be0ea4,2024-12-29 14:16:14.588077+00:00
202412290HOU,2024-12-29,2024-12-29 19:00:00,HOU,MIA,4c77212c2915a07f52f48d02dc9d3e76,2024-12-29 14:16:14.588077+00:00
202412290OKC,2024-12-29,2024-12-29 19:00:00,OKC,MEM,ea39a22680a88694363e2bfb801c8f40,2024-12-29 14:16:14.588077+00:00
202412290MIN,2024-12-29,2024-12-29 20:00:00,MIN,SAS,ab147db7fe7e98ac0407eed94a3d2859,2024-12-29 14:16:14.588077+00:00
202412300CHO,2024-12-30,2024-12-30 19:00:00,CHO,CHI,95a73f31c04e5efe67d63edd3b712ea4,2024-12-30 14:17:16.291885+00:00
202412300WAS,2024-12-30,2024-12-30 19:00:00,WAS,NYK,5b56036dc54c8ed8d9f48daf54be127d,2024-12-30 14:17:16.291885+00:00
202412300NOP,2024-12-30,2024-12-30 20:00:00,NOP,LAC,b9290db9bfac85969edfbb6bbe18cc1a,2024-12-30 14:17:16.291885+00:00
202412300UTA,2024-12-30,2024-12-30 21:00:00,UTA,DEN,6cad9abcacacf0c44e11c2c69a3c932a,2024-12-30 14:17:16.291885+00:00
202412300GSW,2024-12-30,2024-12-30 22:00:00,GSW,CLE,1acd3d3cfc7eecfb83fbb98946dde600,2024-12-30 14:17:16.291885+00:00
202412300POR,2024-12-30,2024-12-30 22:00:00,POR,PHI,8ac4b422c97aa1f864449bc89e57b753,2024-12-30 14:17:16.291885+00:00
202412300SAC,2024-12-30,2024-12-30 22:00:00,SAC,DAL,7273441b90fc6cfe5c54653640e2ba4e,2024-12-30 14:17:16.291885+00:00
202412310BOS,2024-12-31,2024-12-31 15:00:00,BOS,TOR,ae970107e2737f57291b96263aed4ea9,2024-12-31 14:17:11.137704+00:00
202412310IND,2024-12-31,2024-12-31 15:00:00,IND,MIL,24578f5f23e167e01819773b30904dee,2024-12-31 14:17:11.137704+00:00
202412310SAS,2024-12-31,2024-12-31 19:00:00,SAS,LAC,aff24c77ef458bdc0830c60fd91acb8b,2024-12-31 14:17:11.137704+00:00
202412310OKC,2024-12-31,2024-12-31 20:00:00,OKC,MIN,74722b5cca9e227ae877345bd878496b,2024-12-31 14:17:11.137704+00:00
202412310LAL,2024-12-31,2024-12-31 21:00:00,LAL,CLE,04b77ec07e712b35e2acd45c97d17bc1,2024-12-31 14:17:11.137704+00:00
202412310PHO,2024-12-31,2024-12-31 21:00:00,PHO,MEM,b9ee2d4806667285e40708d7887b00c8,2024-12-31 14:17:11.137704+00:00
202501010DET,2025-01-01,2025-01-01 19:00:00,DET,ORL,5dafe2b124ef15fa7222fb4b3c073194,2025-01-01 14:16:56.205425+00:00
202501010WAS,2025-01-01,2025-01-01 19:00:00,WAS,CHI,0a5a9e810f06ed0adb33581b2163f143,2025-01-01 14:16:56.205425+00:00
202501010MIA,2025-01-01,2025-01-01 19:30:00,MIA,NOP,1c50f326ecf2fbcd60204c5a5ab7dbbd,2025-01-01 14:16:56.205425+00:00
202501010NYK,2025-01-01,2025-01-01 19:30:00,NYK,UTA,f015b579964f3d7dd9791e79f376815d,2025-01-01 14:16:56.205425+00:00
202501010TOR,2025-01-01,2025-01-01 19:30:00,TOR,BRK,89603f2b0a204dbc3d297e2376139ce3,2025-01-01 14:16:56.205425+00:00
202501010HOU,2025-01-01,2025-01-01 20:00:00,HOU,DAL,248c33700321ce34eaaba46dec5a39d3,2025-01-01 14:16:56.205425+00:00
202501010DEN,2025-01-01,2025-01-01 21:00:00,DEN,ATL,0b5d74feda8b6c31c2d76ee850374b13,2025-01-01 14:16:56.205425+00:00
202501010SAC,2025-01-01,2025-01-01 22:00:00,SAC,PHI,40e637d38bead46362387d77ea8c187e,2025-01-01 14:16:56.205425+00:00
202501020MIA,2025-01-02,2025-01-02 19:30:00,MIA,IND,f5808c0580cf1e0c870d92f7e38e1613,2025-01-02 14:17:36.419346+00:00
202501020MIN,2025-01-02,2025-01-02 19:30:00,MIN,BOS,a480ee72fa8d5276d08ce1f84356058f,2025-01-02 14:17:36.419346+00:00
202501020MIL,2025-01-02,2025-01-02 20:00:00,MIL,BRK,2416c8d0e975b61e91be5466c7c0d159,2025-01-02 14:17:36.419346+00:00
202501020OKC,2025-01-02,2025-01-02 20:00:00,OKC,LAC,e940da7e0af5712842e600fdfa5096c7,2025-01-02 14:17:36.419346+00:00
202501020GSW,2025-01-02,2025-01-02 22:00:00,GSW,PHI,899a51e2d81323d6490b0779d7a54a0b,2025-01-02 14:17:36.419346+00:00
202501020LAL,2025-01-02,2025-01-02 22:30:00,LAL,POR,82fee6f4433de853f96b84a8814b101f,2025-01-02 14:17:36.419346+00:00
202501030DET,2025-01-03,2025-01-03 19:00:00,DET,CHO,dd54144aa9198f2a9aeb9335da4178ab,2025-01-03 14:16:55.654929+00:00
202501030TOR,2025-01-03,2025-01-03 19:30:00,TOR,ORL,11d62601c5a55c4b94a20488f50c980e,2025-01-03 14:16:55.654929+00:00
202501030HOU,2025-01-03,2025-01-03 20:00:00,HOU,BOS,c04c75a51be9a98d94376d06fe98419a,2025-01-03 14:16:55.654929+00:00
202501030NOP,2025-01-03,2025-01-03 20:00:00,NOP,WAS,53e827321076168e524ff39c2e685755,2025-01-03 14:16:55.654929+00:00
202501030OKC,2025-01-03,2025-01-03 20:00:00,OKC,NYK,5a41209fe371713677fe451c0b903510,2025-01-03 14:16:55.654929+00:00
202501030DAL,2025-01-03,2025-01-03 20:30:00,DAL,CLE,b86ece4fd0d98af3ab129728eb6d20f1,2025-01-03 14:16:55.654929+00:00
202501030DEN,2025-01-03,2025-01-03 21:00:00,DEN,SAS,b1b05543c486b3b658d206f23ef75513,2025-01-03 14:16:55.654929+00:00
202501030SAC,2025-01-03,2025-01-03 22:00:00,SAC,MEM,ce54a15a025f63138f75b9caf186ce69,2025-01-03 14:16:55.654929+00:00
202501030LAL,2025-01-03,2025-01-03 22:30:00,LAL,ATL,59819cf3348408e741b42cb5c0536e78,2025-01-03 14:16:55.654929+00:00
202501040BRK,2025-01-04,2025-01-04 18:00:00,BRK,PHI,5d3b30e20293de12cf84f713a707e721,2025-01-04 14:16:37.180414+00:00
202501040DET,2025-01-04,2025-01-04 19:00:00,DET,MIN,5f75aa5ec69da99dd52723c3ff64dbf3,2025-01-04 14:16:37.180414+00:00
202501040IND,2025-01-04,2025-01-04 19:00:00,IND,PHO,7c138909a671e2895ea58542823dde19,2025-01-04 14:16:37.180414+00:00
202501040CHI,2025-01-04,2025-01-04 20:00:00,CHI,NYK,329b7d398b4199cf46e6e59380e84879,2025-01-04 14:16:37.180414+00:00
202501040MIA,2025-01-04,2025-01-04 20:00:00,MIA,UTA,09540a7b36c6595f914366fac21b9341,2025-01-04 14:16:37.180414+00:00
202501040MIL,2025-01-04,2025-01-04 20:00:00,MIL,POR,e908a45357225b4bbd8ed8c56ebea2c0,2025-01-04 14:16:37.180414+00:00
202501040SAS,2025-01-04,2025-01-04 20:00:00,SAS,DEN,7f4cc2ee0112a9a90b481f3260feffb6,2025-01-04 14:16:37.180414+00:00
202501040GSW,2025-01-04,2025-01-04 20:30:00,GSW,MEM,c2b48aa55d3033a876e5d93e1f877c39,2025-01-04 14:16:37.180414+00:00
202501040LAC,2025-01-04,2025-01-04 22:30:00,LAC,ATL,0d48e3b3532422c2eefee90bc29d7eab,2025-01-04 14:16:37.180414+00:00
202501050OKC,2025-01-05,2025-01-05 15:30:00,OKC,BOS,f5fee2b969c5801e0050c4bec55b8f77,2025-01-05 14:16:22.869252+00:00
202501050CLE,2025-01-05,2025-01-05 18:00:00,CLE,CHO,db347b052a6eef25b8e6ccf828265510,2025-01-05 14:16:22.869252+00:00
202501050WAS,2025-01-05,2025-01-05 18:00:00,WAS,NOP,9ce173d96d0ea070c27b22ff075e0e2b,2025-01-05 14:16:22.869252+00:00
202501050ORL,2025-01-05,2025-01-05 18:30:00,ORL,UTA,47b5f9c4f55be8b15e28b691764920ce,2025-01-05 14:16:22.869252+00:00
202501050HOU,2025-01-05,2025-01-05 19:00:00,HOU,LAL,d600b92c53571414490376c065fecfba,2025-01-05 14:16:22.869252+00:00
202501050GSW,2025-01-05,2025-01-05 20:30:00,GSW,SAC,3672b0562e54c6bf6784cdaa71d58c2e,2025-01-05 14:16:22.869252+00:00
202501060DET,2025-01-06,2025-01-06 19:00:00,DET,POR,e1dd5208841d8c7c791147ba258da58a,2025-01-06 14:17:52.518747+00:00
202501060PHI,2025-01-06,2025-01-06 19:00:00,PHI,PHO,0a123fe416474ac425b98712fc902e5f,2025-01-06 14:17:52.518747+00:00
202501060BRK,2025-01-06,2025-01-06 19:30:00,BRK,IND,24dbb7067e8182d548694aa5d911357b,2025-01-06 14:17:52.518747+00:00
202501060NYK,2025-01-06,2025-01-06 19:30:00,NYK,ORL,1005cff17ce99fccd2cc820369d5738a,2025-01-06 14:17:52.518747+00:00
202501060TOR,2025-01-06,2025-01-06 19:30:00,TOR,MIL,908313a6c56573588f7274810736f16e,2025-01-06 14:17:52.518747+00:00
202501060CHI,2025-01-06,2025-01-06 20:00:00,CHI,SAS,a4bb1101bac62c47c838f65850145f3f,2025-01-06 14:17:52.518747+00:00
202501060MEM,2025-01-06,2025-01-06 20:00:00,MEM,DAL,703669dbf20b294f62d381849b88aaa0,2025-01-06 14:17:52.518747+00:00
202501060MIN,2025-01-06,2025-01-06 20:00:00,MIN,LAC,fbfbfeb570fc433c8dc87a901e5636ad,2025-01-06 14:17:52.518747+00:00
202501060SAC,2025-01-06,2025-01-06 22:00:00,SAC,MIA,dacca6522f193996c2b8e0e0f144e3d5,2025-01-06 14:17:52.518747+00:00
202501070CHO,2025-01-07,2025-01-07 19:00:00,CHO,PHO,842ec88046f2bba42a95f2bac85ff78a,2025-01-07 15:26:34.694723+00:00
202501070WAS,2025-01-07,2025-01-07 19:00:00,WAS,HOU,e0b8319e07a33042a1affc78f653b6ae,2025-01-07 15:26:34.694723+00:00
202501070DAL,2025-01-07,2025-01-07 19:30:00,DAL,LAL,2543b2068a7bf0c7fcc32e1c63c3a03a,2025-01-07 15:26:34.694723+00:00
202501070NOP,2025-01-07,2025-01-07 20:00:00,NOP,MIN,23f985ec811f2813e01c771501c0fac0,2025-01-07 15:26:34.694723+00:00
202501070UTA,2025-01-07,2025-01-07 21:00:00,UTA,ATL,36ee31070e4af2e4abd3d9fa2286ca1b,2025-01-07 15:26:34.694723+00:00
202501070DEN,2025-01-07,2025-01-07 22:00:00,DEN,BOS,aa8848c4a9648b9f79a361891b0141c8,2025-01-07 15:26:34.694723+00:00
202501070GSW,2025-01-07,2025-01-07 22:00:00,GSW,MIA,46ba25589d5f7c05ca919da07e61bbcf,2025-01-07 15:26:34.694723+00:00
202501080CLE,2025-01-08,2025-01-08 19:00:00,CLE,OKC,5d1e8ab87ce778e4c7ab00c0553faa9f,2025-01-08 14:18:25.844994+00:00
202501080IND,2025-01-08,2025-01-08 19:00:00,IND,CHI,c62f042c293d7c240b837a532e82e1f9,2025-01-08 14:18:25.844994+00:00
202501080PHI,2025-01-08,2025-01-08 19:00:00,PHI,WAS,e49c35167662c7e6ea6970b981b018f8,2025-01-08 14:18:25.844994+00:00
202501080BRK,2025-01-08,2025-01-08 19:30:00,BRK,DET,b5c93aa8425dd073ff0965efeee639f8,2025-01-08 14:18:25.844994+00:00
202501080NYK,2025-01-08,2025-01-08 19:30:00,NYK,TOR,c33de7a122ef4c821ab8550248df9a08,2025-01-08 14:18:25.844994+00:00
202501080NOP,2025-01-08,2025-01-08 20:00:00,NOP,POR,c5d1a55aacf259e6a3e167e5fd5d0372,2025-01-08 14:18:25.844994+00:00
202501080DEN,2025-01-08,2025-01-08 21:00:00,DEN,LAC,dd8248b21938d4246870fa725dd003b0,2025-01-08 14:18:25.844994+00:00
202501080MIL,2025-01-08,2025-01-08 21:30:00,MIL,SAS,ce5fe0a6d5f99b9c1659e2f03a0b405e,2025-01-08 14:18:25.844994+00:00
202501090CLE,2025-01-09,2025-01-09 19:00:00,CLE,TOR,84c46a915d78675134a5fcf018c7771e,2025-01-09 14:18:14.728103+00:00
202501090DET,2025-01-09,2025-01-09 19:00:00,DET,GSW,78bde2ba3a89a79b6285c8055f3d850e,2025-01-09 14:18:14.728103+00:00
202501090ORL,2025-01-09,2025-01-09 19:00:00,ORL,MIN,3a1881e49680765b7cab8c196c103e99,2025-01-09 14:18:14.728103+00:00
202501090MEM,2025-01-09,2025-01-09 20:00:00,MEM,HOU,50d160a91a56524fee4c471ae8b69754,2025-01-09 14:18:14.728103+00:00
202501090DAL,2025-01-09,2025-01-09 20:30:00,DAL,POR,f030170fabee1ee9bc17ed360ce1712a,2025-01-09 14:18:14.728103+00:00
202501090PHO,2025-01-09,2025-01-09 21:00:00,PHO,ATL,4f1c87b0757e1a2a475fdce9cfb37f9f,2025-01-09 14:18:14.728103+00:00
202501090UTA,2025-01-09,2025-01-09 21:00:00,UTA,MIA,7702b35a172bb027ea579fd0a9787313,2025-01-09 14:18:14.728103+00:00
202501090LAL,2025-01-09,2025-01-09 22:30:00,LAL,CHO,b708fe113f15f5f0129b149182b0f325,2025-01-09 14:18:14.728103+00:00
202501100IND,2025-01-10,2025-01-10 19:00:00,IND,GSW,0e32fe32a9bde703c8e600fd95677293,2025-01-10 14:18:03.852224+00:00
202501100ORL,2025-01-10,2025-01-10 19:00:00,ORL,MIL,be3802cac81b9607b7b88cde78ae113d,2025-01-10 14:18:03.852224+00:00
202501100PHI,2025-01-10,2025-01-10 19:00:00,PHI,NOP,ac9a309cf08be57f7f31fe528a4d825f,2025-01-10 14:18:03.852224+00:00
202501100BOS,2025-01-10,2025-01-10 19:30:00,BOS,SAC,606b4c2ce520cc1ac3585349d1f2fb1c,2025-01-10 14:18:03.852224+00:00
202501100NYK,2025-01-10,2025-01-10 19:30:00,NYK,OKC,e0cea4ffd07ba3dadf233f37f72d6687,2025-01-10 14:18:03.852224+00:00
202501100CHI,2025-01-10,2025-01-10 20:00:00,CHI,WAS,cd35615a88f559f460bc05ccae1b4167,2025-01-10 14:18:03.852224+00:00
202501100DEN,2025-01-10,2025-01-10 21:00:00,DEN,BRK,c501c248cf7484497c48359faa70950d,2025-01-10 14:18:03.852224+00:00
202501110ATL,2025-01-11,2025-01-11 15:00:00,ATL,HOU,5e417ce3e427637eb5d0697aa947613d,2025-01-11 14:15:51.825926+00:00
202501110PHO,2025-01-11,2025-01-11 17:00:00,PHO,UTA,846db12296ff38518b5c00dd40519f23,2025-01-11 14:15:51.825926+00:00
202501110DET,2025-01-11,2025-01-11 19:00:00,DET,TOR,0018eb3403ccfeac26ecf6dca2c8ec2c,2025-01-11 14:15:51.825926+00:00
202501110MIN,2025-01-11,2025-01-11 20:00:00,MIN,MEM,0d0f85bab66183a85f76190524915c9d,2025-01-11 14:15:51.825926+00:00
202501110POR,2025-01-11,2025-01-11 22:00:00,POR,MIA,9df4a1a38d880c9a054c89cb542b5a10,2025-01-11 14:15:51.825926+00:00
202501120DAL,2025-01-12,2025-01-12 15:00:00,DAL,DEN,e1bcff9bf41c7fede8e3f8eb12b0270c,2025-01-12 14:15:13.734928+00:00
202501120NYK,2025-01-12,2025-01-12 15:00:00,NYK,MIL,4eb39427c536fb6e368f749680f8e021,2025-01-12 14:15:13.734928+00:00
202501120CHI,2025-01-12,2025-01-12 15:30:00,CHI,SAC,001a6f6b65837f6bd710af95226ce1b3,2025-01-12 14:15:13.734928+00:00
202501120BOS,2025-01-12,2025-01-12 18:00:00,BOS,NOP,2f3cda7ca8ecf34aff79d9aad255729f,2025-01-12 14:15:13.734928+00:00
202501120CLE,2025-01-12,2025-01-12 18:00:00,CLE,IND,67684c208c6741989a4ec1db5a523439,2025-01-12 14:15:13.734928+00:00
202501120ORL,2025-01-12,2025-01-12 18:00:00,ORL,PHI,4e2e4b0bc4161ce2422c4fa329f1157b,2025-01-12 14:15:13.734928+00:00
202501120WAS,2025-01-12,2025-01-12 18:00:00,WAS,OKC,58b46c9397011f730367d56e32ac7dfd,2025-01-12 14:15:13.734928+00:00
202501120UTA,2025-01-12,2025-01-12 20:00:00,UTA,BRK,91f0488867fdd555b523926a9f4a260f,2025-01-12 14:15:13.734928+00:00
202501120PHO,2025-01-12,2025-01-12 21:00:00,PHO,CHO,568a23a4d283ab157a879e1503263c5b,2025-01-12 14:15:13.734928+00:00
202501140IND,2025-01-14,2025-01-14 19:00:00,IND,CLE,2be789815b3355d543d2b9ac8ff09002,2025-01-14 14:17:40.324753+00:00
202501140PHI,2025-01-14,2025-01-14 19:00:00,PHI,OKC,ceba1fb7f48df707eb6a5866c0aa9a26,2025-01-14 14:17:40.324753+00:00
202501140ATL,2025-01-14,2025-01-14 19:30:00,ATL,PHO,0121869cd6f93c1f8873045e71fa1605,2025-01-14 14:17:40.324753+00:00
202501140CHI,2025-01-14,2025-01-14 20:00:00,CHI,NOP,757dfa8ea873f51e304f699aa4d6105d,2025-01-14 14:17:40.324753+00:00
202501140MIL,2025-01-14,2025-01-14 20:00:00,MIL,SAC,f9f0f4bb154f93d73bc364dfbb884cc4,2025-01-14 14:17:40.324753+00:00
202501140DAL,2025-01-14,2025-01-14 21:30:00,DAL,DEN,e893ba0c4269e68598bbbdaa065b71e8,2025-01-14 14:17:40.324753+00:00
202501140POR,2025-01-14,2025-01-14 22:00:00,POR,BRK,4b8bef24f19685b2141260a3090f95c3,2025-01-14 14:17:40.324753+00:00
202501160DET,2025-01-16,2025-01-16 19:00:00,DET,IND,5fa4e5331caf83bcafb2eabead3515e1,2025-01-16 14:17:58.618683+00:00
202501160WAS,2025-01-16,2025-01-16 19:00:00,WAS,PHO,5eca5e45e635e3195ab9050b0f54a564,2025-01-16 14:17:58.618683+00:00
202501160OKC,2025-01-16,2025-01-16 19:30:00,OKC,CLE,84c7b056cda9684496beb8d9c9f5423e,2025-01-16 14:17:58.618683+00:00
202501160POR,2025-01-16,2025-01-16 22:00:00,POR,LAC,1abb6dbd0df740709fc98cba57f0494e,2025-01-16 14:17:58.618683+00:00
202501160SAC,2025-01-16,2025-01-16 22:00:00,SAC,HOU,2447040fa8cf0f436f6f9d621eae8823,2025-01-16 14:17:58.618683+00:00
202501170BOS,2025-01-17,2025-01-17 19:00:00,BOS,ORL,95cafe4d06fb0ec814b86612635bb094,2025-01-17 14:16:23.218259+00:00
202501170NYK,2025-01-17,2025-01-17 19:30:00,NYK,MIN,8cfe98192375f79406df25997c65373b,2025-01-17 14:16:23.218259+00:00
202501170CHI,2025-01-17,2025-01-17 20:00:00,CHI,CHO,98e1d99a88a96fd2b4c7706a8806f883,2025-01-17 14:16:23.218259+00:00
202501170MIA,2025-01-17,2025-01-17 20:00:00,MIA,DEN,7ad3239c7447ea61f41bb61ba02dcd57,2025-01-17 14:16:23.218259+00:00
202501170MIL,2025-01-17,2025-01-17 20:00:00,MIL,TOR,1919d2323b44dce7be0f3b5ed5ab9301,2025-01-17 14:16:23.218259+00:00
202501170NOP,2025-01-17,2025-01-17 20:00:00,NOP,UTA,e8a60d35af7c2e468bfb924ca376ca27,2025-01-17 14:16:23.218259+00:00
202501170DAL,2025-01-17,2025-01-17 20:30:00,DAL,OKC,167ff7864fd94f3b57ff0b8e7782abd3,2025-01-17 14:16:23.218259+00:00
202501170SAS,2025-01-17,2025-01-17 21:30:00,SAS,MEM,de7b7ec3f43b79a85c949f46bf5e86d4,2025-01-17 14:16:23.218259+00:00
202501170LAL,2025-01-17,2025-01-17 22:30:00,LAL,BRK,eac986570ca49807e7f8fef6c7deace9,2025-01-17 14:16:23.218259+00:00
202501180DET,2025-01-18,2025-01-18 16:00:00,DET,PHO,d6a085a82b0cce9815e21c508ffbe650,2025-01-18 14:16:42.916838+00:00
202501180BOS,2025-01-18,2025-01-18 19:00:00,BOS,ATL,82e81d493406295dcb6aa371451569d4,2025-01-18 14:16:42.916838+00:00
202501180IND,2025-01-18,2025-01-18 19:00:00,IND,PHI,a3e8ee51219729348c03e7c0dc8b6883,2025-01-18 14:16:42.916838+00:00
202501180GSW,2025-01-18,2025-01-18 20:30:00,GSW,WAS,6b0eb5da2bd995b7467fd1313719e320,2025-01-18 14:16:42.916838+00:00
202501180MIN,2025-01-18,2025-01-18 21:00:00,MIN,CLE,b413e72ebf38363da05eda473e7c175e,2025-01-18 14:16:42.916838+00:00
202501180POR,2025-01-18,2025-01-18 22:00:00,POR,HOU,140573848d377091e0709c676caf9a78,2025-01-18 14:16:42.916838+00:00
202501190MIA,2025-01-19,2025-01-19 15:00:00,MIA,SAS,c0dcdd2d7cc6bf212747e826d496a268,2025-01-19 14:16:43.527930+00:00
202501190ORL,2025-01-19,2025-01-19 18:00:00,ORL,DEN,2edec9d8d51e6aaa54be3201dbe3ffbe,2025-01-19 14:16:43.527930+00:00
202501190MIL,2025-01-19,2025-01-19 19:00:00,MIL,PHI,4b0e07981ac0eea91683ab99e9305b8d,2025-01-19 14:16:43.527930+00:00
202501190OKC,2025-01-19,2025-01-19 19:00:00,OKC,BRK,ac53c07fbe5f258ea3e51573ca0e542b,2025-01-19 14:16:43.527930+00:00
202501190LAC,2025-01-19,2025-01-19 21:00:00,LAC,LAL,48472e287f9c5642e7e3cdefb3568580,2025-01-19 14:16:43.527930+00:00
202501190POR,2025-01-19,2025-01-19 21:00:00,POR,CHI,27d7270c9e38cf2cc025e344e0307f12,2025-01-19 14:16:43.527930+00:00
202501190SAC,2025-01-19,2025-01-19 21:00:00,SAC,WAS,c2a6c09ed5f342d00f979cc923594607,2025-01-19 14:16:43.527930+00:00
202501210BRK,2025-01-21,2025-01-21 19:30:00,BRK,NYK,ef3f4ef25b54e90b8ccff036468e4888,2025-01-21 14:17:59.194500+00:00
202501210MIA,2025-01-21,2025-01-21 19:30:00,MIA,POR,fca5b6086018ef187eba8868f30c874e,2025-01-21 14:17:59.194500+00:00
202501210TOR,2025-01-21,2025-01-21 19:30:00,TOR,ORL,5c456f4536f90b8d9a31a8a5b996abd2,2025-01-21 14:17:59.194500+00:00
202501210DEN,2025-01-21,2025-01-21 22:00:00,DEN,PHI,dca2e08e1bd82602ba0e716fa519d2d9,2025-01-21 14:17:59.194500+00:00
202501210LAL,2025-01-21,2025-01-21 22:30:00,LAL,WAS,3dbc3307c4fed7a173051c2d8f07741b,2025-01-21 14:17:59.194500+00:00
202501220ATL,2025-01-22,2025-01-22 19:30:00,ATL,DET,33f7be6747a15f9e36d7341863907c5d,2025-01-22 14:17:27.192883+00:00
202501220BRK,2025-01-22,2025-01-22 19:30:00,BRK,PHO,08506118721a1523d1e2b26c11676ec8,2025-01-22 14:17:27.192883+00:00
202501220DAL,2025-01-22,2025-01-22 19:30:00,DAL,MIN,d2036bb7eb58c7f9937efcb77d7f7ee0,2025-01-22 14:17:27.192883+00:00
202501220HOU,2025-01-22,2025-01-22 20:00:00,HOU,CLE,d6ff21cfce2a414242fea9331804aa85,2025-01-22 14:17:27.192883+00:00
202501220MEM,2025-01-22,2025-01-22 20:00:00,MEM,CHO,d34a1f613c8fe3424990ff71939ac227,2025-01-22 14:17:27.192883+00:00
202501220NOP,2025-01-22,2025-01-22 20:00:00,NOP,MIL,9fa9fd46fe842a25a4178e3b2d702cd9,2025-01-22 14:17:27.192883+00:00
202501220OKC,2025-01-22,2025-01-22 20:00:00,OKC,UTA,747ca0e15fb940c8a282bd30256a1461,2025-01-22 14:17:27.192883+00:00
202501220SAC,2025-01-22,2025-01-22 22:00:00,SAC,GSW,baf880617d80ad47bab4a447513aa1d2,2025-01-22 14:17:27.192883+00:00
202501220LAC,2025-01-22,2025-01-22 22:30:00,LAC,BOS,5960906d79cf1ed09329d2cd861c6dce,2025-01-22 14:17:27.192883+00:00
202501230IND,2025-01-23,2025-01-23 14:00:00,IND,SAS,59065cde52a9e2b367362915f8e2298a,2025-01-23 14:18:01.472308+00:00
202501230ORL,2025-01-23,2025-01-23 19:00:00,ORL,POR,e90b727044fb2a4ea1db3e20286bc4ce,2025-01-23 14:18:01.472308+00:00
202501230ATL,2025-01-23,2025-01-23 19:30:00,ATL,TOR,e78a6c50c453af982da84de4169b030e,2025-01-23 14:18:01.472308+00:00
202501230MIL,2025-01-23,2025-01-23 19:30:00,MIL,MIA,b96a284bb2f278f67d33e9481698d03c,2025-01-23 14:18:01.472308+00:00
202501230OKC,2025-01-23,2025-01-23 20:00:00,OKC,DAL,75504a3843124cb9fd021ef3ccbec2f1,2025-01-23 14:18:01.472308+00:00
202501230DEN,2025-01-23,2025-01-23 21:00:00,DEN,SAC,97e5e5a500721cf73564a83aefe8c6c2,2025-01-23 14:18:01.472308+00:00
202501230GSW,2025-01-23,2025-01-23 22:00:00,GSW,CHI,8191aa1958da0dfe9d961f0a231c370a,2025-01-23 14:18:01.472308+00:00
202501230LAL,2025-01-23,2025-01-23 22:00:00,LAL,BOS,ab895e8aab81cbbf4c7605782f2f806b,2025-01-23 14:18:01.472308+00:00
202501230LAC,2025-01-23,2025-01-23 22:30:00,LAC,WAS,5065223058735f9ebb26715d41d722f0,2025-01-23 14:18:01.472308+00:00
202501240CHO,2025-01-24,2025-01-24 19:00:00,CHO,POR,6a6e08cde4593b3632d191e657eb09b4,2025-01-24 14:17:49.364415+00:00
202501240PHI,2025-01-24,2025-01-24 19:00:00,PHI,CLE,8be88b659b096322958a52c9b586c399,2025-01-24 14:17:49.364415+00:00
202501240MEM,2025-01-24,2025-01-24 20:00:00,MEM,NOP,0ef3b7159add5b92a32545bb6fecf138,2025-01-24 14:17:49.364415+00:00
202501250SAS,2025-01-25,2025-01-25 12:00:00,SAS,IND,178af5284f2a47d4e8b7771bebab5da9,2025-01-25 14:14:58.974525+00:00
202501250MIN,2025-01-25,2025-01-25 15:00:00,MIN,DEN,240a84b2dddf3a224173e70c23b1d624,2025-01-25 14:14:58.974525+00:00
202501250DAL,2025-01-25,2025-01-25 17:30:00,DAL,BOS,76930b971b553c28937a93bc0d6d401f,2025-01-25 14:14:58.974525+00:00
202501250BRK,2025-01-25,2025-01-25 18:00:00,BRK,MIA,da35d7f08ed78c853ad079b9037ac97c,2025-01-25 14:14:58.974525+00:00
202501250CHO,2025-01-25,2025-01-25 19:00:00,CHO,NOP,a94554db3c304438bbe47e488a1f664d,2025-01-25 14:14:58.974525+00:00
202501250ORL,2025-01-25,2025-01-25 19:00:00,ORL,DET,5098f9b5adbcaab14331d39b47291ae7,2025-01-25 14:14:58.974525+00:00
202501250ATL,2025-01-25,2025-01-25 19:30:00,ATL,TOR,1dd7c5ce12b32dbc39ffba632f4dc425,2025-01-25 14:14:58.974525+00:00
202501250CLE,2025-01-25,2025-01-25 19:30:00,CLE,HOU,6c82000938f8b077ffbc9686bbb1d03f,2025-01-25 14:14:58.974525+00:00
202501250NYK,2025-01-25,2025-01-25 19:30:00,NYK,SAC,0baffcadf6ff742878bf35b40e7529a3,2025-01-25 14:14:58.974525+00:00
202501250CHI,2025-01-25,2025-01-25 20:00:00,CHI,PHI,05ba8831b03e58276032dab4ca8d16b7,2025-01-25 14:14:58.974525+00:00
202501250MEM,2025-01-25,2025-01-25 20:00:00,MEM,UTA,021e8f2b9443a70c2f674f2fe2cc848c,2025-01-25 14:14:58.974525+00:00
202501250GSW,2025-01-25,2025-01-25 20:30:00,GSW,LAL,9f689ebb3ced18aaace3694dc0f5ba02,2025-01-25 14:14:58.974525+00:00
202501250PHO,2025-01-25,2025-01-25 21:00:00,PHO,WAS,5f349f9747a6c4faa00ee1f91505ca5f,2025-01-25 14:14:58.974525+00:00
202501250LAC,2025-01-25,2025-01-25 22:30:00,LAC,MIL,f9f266723569ad13fcc3c51c16352d99,2025-01-25 14:14:58.974525+00:00
202501260POR,2025-01-26,2025-01-26 18:00:00,POR,OKC,cf4360ae388e3a68fb1c2aea7c890815,2025-01-26 14:17:10.650823+00:00
202501270CHO,2025-01-27,2025-01-27 19:00:00,CHO,LAL,de708b9536df1f308b67b97274fb58aa,2025-01-27 14:16:25.856343+00:00
202501270CLE,2025-01-27,2025-01-27 19:00:00,CLE,DET,ec53aa3f3f58e9c8f692cb7cf363f5df,2025-01-27 14:16:25.856343+00:00
202501270BOS,2025-01-27,2025-01-27 19:30:00,BOS,HOU,fb2efb2987f18418760dcc3d3a8f9df1,2025-01-27 14:16:25.856343+00:00
202501270BRK,2025-01-27,2025-01-27 19:30:00,BRK,SAC,49b423bea0e7b1eb1d1ff72b7cd5a917,2025-01-27 14:16:25.856343+00:00
202501270MIA,2025-01-27,2025-01-27 19:30:00,MIA,ORL,1274e69cacf9310f766bd0fe93aeb340,2025-01-27 14:16:25.856343+00:00
202501270NYK,2025-01-27,2025-01-27 19:30:00,NYK,MEM,900efdbd5d2eaa2267d6f09ddd74e6e3,2025-01-27 14:16:25.856343+00:00
202501270TOR,2025-01-27,2025-01-27 19:30:00,TOR,NOP,427f94e9f94131f02fb70667fcee4ab4,2025-01-27 14:16:25.856343+00:00
202501270CHI,2025-01-27,2025-01-27 20:00:00,CHI,DEN,c8f48703497fd9de26c9ce93d5057fe7,2025-01-27 14:16:25.856343+00:00
202501270MIN,2025-01-27,2025-01-27 20:00:00,MIN,ATL,20ee3189264bd00157ea8dcf54579892,2025-01-27 14:16:25.856343+00:00
202501270DAL,2025-01-27,2025-01-27 20:30:00,DAL,WAS,220e63f7f8bdc7c58d814a46259c67a2,2025-01-27 14:16:25.856343+00:00
202501270UTA,2025-01-27,2025-01-27 21:00:00,UTA,MIL,4c7063d42a874f80a9c17b9774a945f9,2025-01-27 14:16:25.856343+00:00
202501270PHO,2025-01-27,2025-01-27 21:30:00,PHO,LAC,aecc41fbcb21eac7198d1a04bddb07a0,2025-01-27 14:16:25.856343+00:00
202501280ATL,2025-01-28,2025-01-28 19:30:00,ATL,HOU,699f111aa87fc2cea90b0362b93b928e,2025-01-28 14:18:57.906979+00:00
202501280PHI,2025-01-28,2025-01-28 19:30:00,PHI,LAL,0ab77208feec99c7bb5f8990cb81739d,2025-01-28 14:18:57.906979+00:00
202501280GSW,2025-01-28,2025-01-28 22:00:00,GSW,UTA,cd1d3bb2519f27ba9d884e0dbbcd55bd,2025-01-28 14:18:57.906979+00:00
202501280POR,2025-01-28,2025-01-28 22:00:00,POR,MIL,02a0097a3e442dbca988e6145e43b9c2,2025-01-28 14:18:57.906979+00:00
202501290CHO,2025-01-29,2025-01-29 19:00:00,CHO,BRK,82e230aff36c60de7fcd3bdd6e573b5f,2025-01-29 14:16:41.204861+00:00
202501290IND,2025-01-29,2025-01-29 19:00:00,IND,DET,a75904869ceb53ced4baae29638d4907,2025-01-29 14:16:41.204861+00:00
202501290WAS,2025-01-29,2025-01-29 19:00:00,WAS,TOR,fd9e9a29c8840b05ec47ce69bb66285f,2025-01-29 14:16:41.204861+00:00
202501290BOS,2025-01-29,2025-01-29 19:30:00,BOS,CHI,c1377c3655be5a0f236e58af35ed96ed,2025-01-29 14:16:41.204861+00:00
202501290MIA,2025-01-29,2025-01-29 19:30:00,MIA,CLE,b96f1ef936ee9645716d3ccfe6a827ab,2025-01-29 14:16:41.204861+00:00
202501290NYK,2025-01-29,2025-01-29 19:30:00,NYK,DEN,9b4f16875683c0e509cba63b8f82bb7a,2025-01-29 14:16:41.204861+00:00
202501290PHI,2025-01-29,2025-01-29 19:30:00,PHI,SAC,afcd8441571d6c30ca662e7481ac17a3,2025-01-29 14:16:41.204861+00:00
202501290NOP,2025-01-29,2025-01-29 20:00:00,NOP,DAL,53ca6361b55c5a6ef7e15853621f0ed8,2025-01-29 14:16:41.204861+00:00
202501290SAS,2025-01-29,2025-01-29 20:00:00,SAS,LAC,3f3767f9da127ac9f8b7afa138e3fcea,2025-01-29 14:16:41.204861+00:00
202501290PHO,2025-01-29,2025-01-29 21:00:00,PHO,MIN,0f5edeaa71dbfb18b0bb9b61b672c728,2025-01-29 14:16:41.204861+00:00
202501290GSW,2025-01-29,2025-01-29 22:00:00,GSW,OKC,1ec913e38af7a7f0e101ec0c7125bef3,2025-01-29 14:16:41.204861+00:00
202501310CHO,2025-01-31,2025-01-31 19:00:00,CHO,LAC,33c0f2f5adf69508f90c0ddca3f7d4ac,2025-01-31 14:16:30.891609+00:00
202501310DET,2025-01-31,2025-01-31 19:00:00,DET,DAL,9aa814047553f85ad1bc55efa497ce83,2025-01-31 14:16:30.891609+00:00
202501310PHI,2025-01-31,2025-01-31 19:30:00,PHI,DEN,0002c59303f70b3dd2b393a67b49f975,2025-01-31 14:16:30.891609+00:00
202501310TOR,2025-01-31,2025-01-31 19:30:00,TOR,CHI,1350e52b6ed83b835bf5b933fe9cdb6f,2025-01-31 14:16:30.891609+00:00
202501310NOP,2025-01-31,2025-01-31 20:00:00,NOP,BOS,f42b72157e7e585177cc568add8df8d1,2025-01-31 14:16:30.891609+00:00
202501310SAS,2025-01-31,2025-01-31 20:00:00,SAS,MIL,91479a0a512048f9f505aff21cdd54a6,2025-01-31 14:16:30.891609+00:00
202501310GSW,2025-01-31,2025-01-31 22:00:00,GSW,PHO,afed9b6c6698f76a8f0b12b342fb10f4,2025-01-31 14:16:30.891609+00:00
202502010IND,2025-02-01,2025-02-01 17:00:00,IND,ATL,e15ff567c82a8612fcd3c64613fa271f,2025-02-01 14:15:39.169945+00:00
202502010UTA,2025-02-01,2025-02-01 17:00:00,UTA,ORL,f0f8530aece682be12f08ba2550a2acb,2025-02-01 14:15:39.169945+00:00
202502010CHO,2025-02-01,2025-02-01 19:00:00,CHO,DEN,6ca29edff6433fb34747341ec8c8d9f5,2025-02-01 14:15:39.169945+00:00
202502010HOU,2025-02-01,2025-02-01 20:00:00,HOU,BRK,5bcdd83ab405b194ed68cb7e1a385018,2025-02-01 14:15:39.169945+00:00
202502010MIN,2025-02-01,2025-02-01 20:00:00,MIN,WAS,ba95fe551d5f1c8df560676c6f7a2804,2025-02-01 14:15:39.169945+00:00
202502010OKC,2025-02-01,2025-02-01 20:00:00,OKC,SAC,be96657c220fe1fa52a989d5c7ce3a42,2025-02-01 14:15:39.169945+00:00
202502010NYK,2025-02-01,2025-02-01 20:30:00,NYK,LAL,8a077eefc721f3038823ebabaf2cf7b6,2025-02-01 14:15:39.169945+00:00
202502010SAS,2025-02-01,2025-02-01 20:30:00,SAS,MIA,f982eaf2f66b67b216e9fd12a72cd7e9,2025-02-01 14:15:39.169945+00:00
202502010POR,2025-02-01,2025-02-01 22:00:00,POR,PHO,ef5730e686aca111d5d628c8d44625ba,2025-02-01 14:15:39.169945+00:00
202502020DET,2025-02-02,2025-02-02 15:00:00,DET,CHI,3b81094303eaa6a85df848ddf3338e51,2025-02-02 14:16:13.804927+00:00
202502020CLE,2025-02-02,2025-02-02 15:30:00,CLE,DAL,093d616c3e0657ee88285396d418c656,2025-02-02 14:16:13.804927+00:00
202502020TOR,2025-02-02,2025-02-02 15:30:00,TOR,LAC,b1b104392f62d1972e51e11971d57029,2025-02-02 14:16:13.804927+00:00
202502020PHI,2025-02-02,2025-02-02 18:00:00,PHI,BOS,d396223d4a8e42b604523eff606f8766,2025-02-02 14:16:13.804927+00:00
202502020MIL,2025-02-02,2025-02-02 20:30:00,MIL,MEM,fc948635a5c823e35bc072ee026db31b,2025-02-02 14:16:13.804927+00:00
202502030CHO,2025-02-03,2025-02-03 19:00:00,CHO,WAS,4a1ab01ed1f80004b15f13491437d04e,2025-02-03 14:17:27.377708+00:00
202502030DET,2025-02-03,2025-02-03 19:00:00,DET,ATL,243a2713dd209ea6d5ce9cfb952ba305,2025-02-03 14:17:27.377708+00:00
202502030NYK,2025-02-03,2025-02-03 19:30:00,NYK,HOU,40d562250a4eece875d31cfd852a3867,2025-02-03 14:17:27.377708+00:00
202502030MEM,2025-02-03,2025-02-03 20:00:00,MEM,SAS,8d21ed1b9b834b66d75fdcf7b2cf1ae7,2025-02-03 14:17:27.377708+00:00
202502030MIN,2025-02-03,2025-02-03 20:00:00,MIN,SAC,d98b95bc5825930f104e2037886fc40d,2025-02-03 14:17:27.377708+00:00
202502030OKC,2025-02-03,2025-02-03 20:00:00,OKC,MIL,a378aa2359a0bde3d131d57282f5e312,2025-02-03 14:17:27.377708+00:00
202502030DEN,2025-02-03,2025-02-03 21:00:00,DEN,NOP,1717f0bce8dbf49be0d3e77bc99bc665,2025-02-03 14:17:27.377708+00:00
202502030UTA,2025-02-03,2025-02-03 21:00:00,UTA,IND,7806dd23a149f5b912030948fb2a39f3,2025-02-03 14:17:27.377708+00:00
202502030GSW,2025-02-03,2025-02-03 22:00:00,GSW,ORL,c4ae24f5802ac12083a858c24cee4cdd,2025-02-03 14:17:27.377708+00:00
202502030POR,2025-02-03,2025-02-03 22:00:00,POR,PHO,4c6d742eba9943e71b7840775d3df198,2025-02-03 14:17:27.377708+00:00
202502040PHI,2025-02-04,2025-02-04 19:00:00,PHI,DAL,cb748d8f3c1e5ade4e01cffe663721b1,2025-02-04 14:18:31.044911+00:00
202502040BRK,2025-02-04,2025-02-04 19:30:00,BRK,HOU,5558eea9fab5a44950b813d3da12612d,2025-02-04 14:18:31.044911+00:00
202502040CLE,2025-02-04,2025-02-04 19:30:00,CLE,BOS,500f7a65d999cc5679fa5685688131bc,2025-02-04 14:18:31.044911+00:00
202502040TOR,2025-02-04,2025-02-04 19:30:00,TOR,NYK,87dd14a608c7809ee03e67231e461068,2025-02-04 14:18:31.044911+00:00
202502040CHI,2025-02-04,2025-02-04 20:00:00,CHI,MIA,a2b6a3647b08ec54a8331987dec98599,2025-02-04 14:18:31.044911+00:00
202502040LAC,2025-02-04,2025-02-04 22:00:00,LAC,LAL,da7efad2c4a2ecd12a7fc529e8b86ce4,2025-02-04 14:18:31.044911+00:00
202502040POR,2025-02-04,2025-02-04 22:00:00,POR,IND,7c9cca5b84b21e02a25efdfcd060be92,2025-02-04 14:18:31.044911+00:00
202502050ATL,2025-02-05,2025-02-05 19:00:00,ATL,SAS,b4333710ce73848da01037039e2c278e,2025-02-05 14:17:37.758855+00:00
202502050CHO,2025-02-05,2025-02-05 19:00:00,CHO,MIL,0a4fb355d858aeb88bbb23481ea3cd4c,2025-02-05 14:17:37.758855+00:00
202502050DET,2025-02-05,2025-02-05 19:00:00,DET,CLE,6f9cd80706188f5d958bbf99f5e81cbf,2025-02-05 14:17:37.758855+00:00
202502050BRK,2025-02-05,2025-02-05 19:30:00,BRK,WAS,6b4194c02bb5d320e81cab6ca4a56dd0,2025-02-05 14:17:37.758855+00:00
202502050PHI,2025-02-05,2025-02-05 19:30:00,PHI,MIA,d2c05b2a354b9183252a0578809e33b8,2025-02-05 14:17:37.758855+00:00
202502050TOR,2025-02-05,2025-02-05 19:30:00,TOR,MEM,e357f1bf21117b8a1e900647ffc04dc2,2025-02-05 14:17:37.758855+00:00
202502050MIN,2025-02-05,2025-02-05 20:00:00,MIN,CHI,0d02175ccdc96f1994dd5377ac8b5382,2025-02-05 14:17:37.758855+00:00
202502050DEN,2025-02-05,2025-02-05 21:00:00,DEN,NOP,4c129c9c43f02b000d5252231fa75d52,2025-02-05 14:17:37.758855+00:00
202502050UTA,2025-02-05,2025-02-05 21:00:00,UTA,GSW,31e6208fb40ebcfd387f1476fa257c50,2025-02-05 14:17:37.758855+00:00
202502050OKC,2025-02-05,2025-02-05 21:30:00,OKC,PHO,8a708ed701982a1a92f140880660637a,2025-02-05 14:17:37.758855+00:00
202502050SAC,2025-02-05,2025-02-05 22:00:00,SAC,ORL,a4254d9474c6be9c6c1a4235b588f68b,2025-02-05 14:17:37.758855+00:00
202502060BOS,2025-02-06,2025-02-06 19:30:00,BOS,DAL,0bfd6223d18e57da53a9f5f7dccc250a,2025-02-06 14:18:37.217982+00:00
202502060MIN,2025-02-06,2025-02-06 20:00:00,MIN,HOU,a906dc1f7ced6b2d575fdd91ba9e58e6,2025-02-06 14:18:37.217982+00:00
202502060DEN,2025-02-06,2025-02-06 21:00:00,DEN,ORL,a916ee7696fde8f1a82e214c36a04b9a,2025-02-06 14:18:37.217982+00:00
202502060LAL,2025-02-06,2025-02-06 22:00:00,LAL,GSW,39da2a6da9ab2746b1ff9f320f9f5a14,2025-02-06 14:18:37.217982+00:00
202502060POR,2025-02-06,2025-02-06 22:00:00,POR,SAC,b3df91f1d79355a68f8aa279f17e2a3e,2025-02-06 14:18:37.217982+00:00
202502060LAC,2025-02-06,2025-02-06 22:30:00,LAC,IND,0dd68311a8617606a6956cd6e511fd9e,2025-02-06 14:18:37.217982+00:00
202502070CHO,2025-02-07,2025-02-07 19:00:00,CHO,SAS,c8310e046f80bf6292c633aff61cffdb,2025-02-07 14:17:10.488943+00:00
202502070WAS,2025-02-07,2025-02-07 19:00:00,WAS,CLE,f592f9667df5d2b96f41a71c90cddf39,2025-02-07 14:17:10.488943+00:00
202502070ATL,2025-02-07,2025-02-07 19:30:00,ATL,MIL,9a5a6098686e727ed1ed46d6dfc879ca,2025-02-07 14:17:10.488943+00:00
202502070BRK,2025-02-07,2025-02-07 19:30:00,BRK,MIA,2ee31055f5cc3975abda3f49017b550e,2025-02-07 14:17:10.488943+00:00
202502070DET,2025-02-07,2025-02-07 19:30:00,DET,PHI,78e03cf799710b90c7e8b9af3bb4d1d1,2025-02-07 14:17:10.488943+00:00
202502070OKC,2025-02-07,2025-02-07 20:00:00,OKC,TOR,5c962a5ad947d385ee524f36970a8ce4,2025-02-07 14:17:10.488943+00:00
202502070PHO,2025-02-07,2025-02-07 22:00:00,PHO,UTA,984ea4c49b7729eb8269618e77e99b27,2025-02-07 14:17:10.488943+00:00
202502080DAL,2025-02-08,2025-02-08 15:00:00,DAL,HOU,d002383b27fadb65f5788dfdc0aa339c,2025-02-08 14:15:46.991547+00:00
202502080LAL,2025-02-08,2025-02-08 16:00:00,LAL,IND,e8ab0829fd613d0cdcca45ce487ee9aa,2025-02-08 14:15:46.991547+00:00
202502080ORL,2025-02-08,2025-02-08 19:00:00,ORL,SAS,75306eafbdac484b26c5ae336be95842,2025-02-08 14:15:46.991547+00:00
202502080WAS,2025-02-08,2025-02-08 19:00:00,WAS,ATL,1e749488e6d83a99e4b8162e10124c89,2025-02-08 14:15:46.991547+00:00
202502080CHI,2025-02-08,2025-02-08 20:00:00,CHI,GSW,f367e199e95e0c026d428bf591c79232,2025-02-08 14:15:46.991547+00:00
202502080MEM,2025-02-08,2025-02-08 20:00:00,MEM,OKC,2c8d9aec1f8f8ed6ff16e59b72e0e851,2025-02-08 14:15:46.991547+00:00
202502080MIN,2025-02-08,2025-02-08 20:00:00,MIN,POR,81e22abb5fb3bdc94da1d9654672b9ae,2025-02-08 14:15:46.991547+00:00
202502080NYK,2025-02-08,2025-02-08 20:30:00,NYK,BOS,464b448dbf2ea8b32331aa5764a6f14f,2025-02-08 14:15:46.991547+00:00
202502080PHO,2025-02-08,2025-02-08 21:00:00,PHO,DEN,01cc26e6f8d5b2a9214a6dfe9d519e05,2025-02-08 14:15:46.991547+00:00
202502080SAC,2025-02-08,2025-02-08 22:00:00,SAC,NOP,345c1fb258b16c2a64bc7c584d928a19,2025-02-08 14:15:46.991547+00:00
202502080LAC,2025-02-08,2025-02-08 22:30:00,LAC,UTA,f05d99b8a83b68dc5a0ae66a036fa3b4,2025-02-08 14:15:46.991547+00:00
202502090DET,2025-02-09,2025-02-09 13:00:00,DET,CHO,033ffd442857285ce6fc168666e1283d,2025-02-09 14:16:25.144770+00:00
202502090HOU,2025-02-09,2025-02-09 14:00:00,HOU,TOR,06420b6c46a70fe5fcfb0a4ae98013eb,2025-02-09 14:16:25.144770+00:00
202502090MIL,2025-02-09,2025-02-09 14:00:00,MIL,PHI,911ef9b234d936b582ccc7ce5cd37d4e,2025-02-09 14:16:25.144770+00:00
202502100CLE,2025-02-10,2025-02-10 19:00:00,CLE,MIN,3c08e999c5f8c6d6954b8f618b5df9a8,2025-02-10 14:17:31.385158+00:00
202502100ORL,2025-02-10,2025-02-10 19:00:00,ORL,ATL,de674935dc38d314dc4b4b0ac5c024c4,2025-02-10 14:17:31.385158+00:00
202502100WAS,2025-02-10,2025-02-10 19:00:00,WAS,SAS,4b1c91161cc3d0cb86b46500daf2e29a,2025-02-10 14:17:31.385158+00:00
202502100BRK,2025-02-10,2025-02-10 19:30:00,BRK,CHO,91c394eb2e93c78c8ec2315dfcc85dc9,2025-02-10 14:17:31.385158+00:00
202502100MIA,2025-02-10,2025-02-10 19:30:00,MIA,BOS,c4f4e62d7ede59a6a74ab6038c332137,2025-02-10 14:17:31.385158+00:00
202502100MIL,2025-02-10,2025-02-10 20:00:00,MIL,GSW,28890e3553d5c550382dc17fe360b622,2025-02-10 14:17:31.385158+00:00
202502100OKC,2025-02-10,2025-02-10 20:00:00,OKC,NOP,948b9d66b01eca0ac831573f593c2871,2025-02-10 14:17:31.385158+00:00
202502100DAL,2025-02-10,2025-02-10 20:30:00,DAL,SAC,b149b26eec030d502d419c0bc0d4ee95,2025-02-10 14:17:31.385158+00:00
202502100DEN,2025-02-10,2025-02-10 21:00:00,DEN,POR,c88cced20eb9497a7b9447bc2ee98f86,2025-02-10 14:17:31.385158+00:00
202502100LAL,2025-02-10,2025-02-10 22:30:00,LAL,UTA,8652e5cb2e7732aff755077975780ad9,2025-02-10 14:17:31.385158+00:00
202502110PHI,2025-02-11,2025-02-11 19:00:00,PHI,TOR,b2a4762b71cddeb12aa844efa3d92caf,2025-02-11 14:19:30.541692+00:00
202502110IND,2025-02-11,2025-02-11 19:30:00,IND,NYK,6a025e5336d6c182c4c3c9f99952656e,2025-02-11 14:19:30.541692+00:00
202502110CHI,2025-02-11,2025-02-11 20:00:00,CHI,DET,92e6538cc77a0cd7474cf583cda266b1,2025-02-11 14:19:30.541692+00:00
202502110PHO,2025-02-11,2025-02-11 22:00:00,PHO,MEM,2147587132aa05de18df6c158da786ec,2025-02-11 14:19:30.541692+00:00
202502120BOS,2025-02-12,2025-02-12 19:00:00,BOS,SAS,f37f25cb3bb32fa174392f3b5fe3b361,2025-02-12 14:17:22.922431+00:00
202502120ORL,2025-02-12,2025-02-12 19:00:00,ORL,CHO,bc5d434ae454c0b2452bb695162d9083,2025-02-12 14:17:22.922431+00:00
202502120WAS,2025-02-12,2025-02-12 19:00:00,WAS,IND,a882ed7cf20f04cf03f1e2200c844426,2025-02-12 14:17:22.922431+00:00
202502120BRK,2025-02-12,2025-02-12 19:30:00,BRK,PHI,2e5021f0ba9d578ead3fe71158558b71,2025-02-12 14:17:22.922431+00:00
202502120NYK,2025-02-12,2025-02-12 19:30:00,NYK,ATL,7c0c18f3aad27ee68eb666ccd67b8e87,2025-02-12 14:17:22.922431+00:00
202502120TOR,2025-02-12,2025-02-12 19:30:00,TOR,CLE,6a6e2c39493c7ebbd0b79d637fe26836,2025-02-12 14:17:22.922431+00:00
202502120CHI,2025-02-12,2025-02-12 20:00:00,CHI,DET,707860571896be900f3cc64061594f6e,2025-02-12 14:17:22.922431+00:00
202502120MIN,2025-02-12,2025-02-12 20:00:00,MIN,MIL,bb76b9b327387de3ce204f75a71abfb3,2025-02-12 14:17:22.922431+00:00
202502120NOP,2025-02-12,2025-02-12 20:00:00,NOP,SAC,34956e8db08118ddedebf60b36951a91,2025-02-12 14:17:22.922431+00:00
202502120OKC,2025-02-12,2025-02-12 20:00:00,OKC,MIA,31f7e6bd9749a31a2180f050a08e36c6,2025-02-12 14:17:22.922431+00:00
202502120HOU,2025-02-12,2025-02-12 20:30:00,HOU,PHO,95b2c6b0ce702c3c9490dc8418868f4e,2025-02-12 14:17:22.922431+00:00
202502120DEN,2025-02-12,2025-02-12 21:00:00,DEN,POR,8f9ffeb5ee3e7caffc63bc3c6fe70f46,2025-02-12 14:17:22.922431+00:00
202502120UTA,2025-02-12,2025-02-12 21:00:00,UTA,LAL,302a28ef34a29ddf66cbd6bfe85975b0,2025-02-12 14:17:22.922431+00:00
202502120DAL,2025-02-12,2025-02-12 21:30:00,DAL,GSW,82fd99fc762a6276440efcc68a3c7a80,2025-02-12 14:17:22.922431+00:00
202502120LAC,2025-02-12,2025-02-12 22:30:00,LAC,MEM,5ef8f6b9c38e88b24abea5dc79ae6852,2025-02-12 14:17:22.922431+00:00
202502130HOU,2025-02-13,2025-02-13 20:00:00,HOU,GSW,3c6e47253e4108bf01641d455b2329e7,2025-02-13 14:20:15.228524+00:00
202502130NOP,2025-02-13,2025-02-13 20:00:00,NOP,SAC,480e200e199564b43806ed98e8051a31,2025-02-13 14:20:15.228524+00:00
202502130DAL,2025-02-13,2025-02-13 20:30:00,DAL,MIA,b6d76f4779b5315551f72f5cd478a46d,2025-02-13 14:20:15.228524+00:00
202502130MIN,2025-02-13,2025-02-13 20:30:00,MIN,OKC,8718345dafcfcd6c965fb4b2737586a8,2025-02-13 14:20:15.228524+00:00
202502130UTA,2025-02-13,2025-02-13 21:00:00,UTA,LAC,59018cf2adc33bd07509cc282e25a0a5,2025-02-13 14:20:15.228524+00:00
202502200IND,2025-02-20,2025-02-20 19:00:00,IND,MEM,65078fd0317cfc53e4cd0ac255c85c3a,2025-02-20 14:17:35.584031+00:00
202502200PHI,2025-02-20,2025-02-20 19:00:00,PHI,BOS,4c685c1080d7df98cf6723cb35b408d3,2025-02-20 14:17:35.584031+00:00
202502200ATL,2025-02-20,2025-02-20 19:30:00,ATL,ORL,57a930a28f3e2c70de65552defb51124,2025-02-20 14:17:35.584031+00:00
202502200BRK,2025-02-20,2025-02-20 19:30:00,BRK,CLE,b3f6547e78bb2e9e622b191abcaf8dcc,2025-02-20 14:17:35.584031+00:00
202502200NYK,2025-02-20,2025-02-20 19:30:00,NYK,CHI,745135ffc89a21f59b570c96a537fa40,2025-02-20 14:17:35.584031+00:00
202502200MIL,2025-02-20,2025-02-20 20:00:00,MIL,LAC,a7f2df8748c3587d26b18c7419b312eb,2025-02-20 14:17:35.584031+00:00
202502200DEN,2025-02-20,2025-02-20 21:00:00,DEN,CHO,c628dea83cb939299aac0052717eda3e,2025-02-20 14:17:35.584031+00:00
202502200SAS,2025-02-20,2025-02-20 21:30:00,SAS,PHO,290792c99650154ae55d8c4934d2c841,2025-02-20 14:17:35.584031+00:00
202502200POR,2025-02-20,2025-02-20 22:00:00,POR,LAL,ae638753c4ed9cdcf8796af66f8dc422,2025-02-20 14:17:35.584031+00:00
202502210CLE,2025-02-21,2025-02-21 19:00:00,CLE,NYK,9a5cee259a4c70367132f4fb6f90be03,2025-02-21 14:17:27.131730+00:00
202502210ORL,2025-02-21,2025-02-21 19:00:00,ORL,MEM,e2c5133f68dd32d234a6abcb91329cb4,2025-02-21 14:17:27.131730+00:00
202502210WAS,2025-02-21,2025-02-21 19:00:00,WAS,MIL,a31abdc525bfcd0f5798a20d39f30cf7,2025-02-21 14:17:27.131730+00:00
202502210TOR,2025-02-21,2025-02-21 19:30:00,TOR,MIA,fbfec0530e2ee30e2129c0cf827d2879,2025-02-21 14:17:27.131730+00:00
202502210DAL,2025-02-21,2025-02-21 20:30:00,DAL,NOP,baf21b863522236e0f0820c5017d701e,2025-02-21 14:17:27.131730+00:00
202502210SAS,2025-02-21,2025-02-21 20:30:00,SAS,DET,98e00329066852fb939287a87b7d4bbe,2025-02-21 14:17:27.131730+00:00
202502210HOU,2025-02-21,2025-02-21 21:30:00,HOU,MIN,3fb43736cba951d402acbb6c24789959,2025-02-21 14:17:27.131730+00:00
202502210UTA,2025-02-21,2025-02-21 21:30:00,UTA,OKC,80924d9450380ce8acec0857974525e5,2025-02-21 14:17:27.131730+00:00
202502210SAC,2025-02-21,2025-02-21 22:00:00,SAC,GSW,91a18e6bafdbd28c64d962f13785148b,2025-02-21 14:17:27.131730+00:00
202502220CHI,2025-02-22,2025-02-22 17:00:00,CHI,PHO,5d439fc5e8eab5f0b80a5957fab4f121,2025-02-22 14:16:44.524255+00:00
202502220PHI,2025-02-22,2025-02-22 19:30:00,PHI,BRK,13e1f9fdfd648203f0d6544a2ba4a74f,2025-02-22 14:16:44.524255+00:00
202502220DEN,2025-02-22,2025-02-22 20:30:00,DEN,LAL,321ac3bb188b200e4550ce27d3a7247e,2025-02-22 14:16:44.524255+00:00
202502220UTA,2025-02-22,2025-02-22 21:30:00,UTA,HOU,fd3614621e63d8197e801717550a04b1,2025-02-22 14:16:44.524255+00:00
202502220POR,2025-02-22,2025-02-22 22:00:00,POR,CHO,49dda13a2a618b53db99ff0d0ddb1e2a,2025-02-22 14:16:44.524255+00:00
202502230BOS,2025-02-23,2025-02-23 13:00:00,BOS,NYK,8297f74b64d0145a81dee3d17264b516,2025-02-23 14:17:02.150870+00:00
202502230GSW,2025-02-23,2025-02-23 15:30:00,GSW,DAL,7d8110c8ff0ac605dde0de67287bbd12,2025-02-23 14:17:02.150870+00:00
202502230IND,2025-02-23,2025-02-23 17:00:00,IND,LAC,04fda3fdafac1d66db732460419a8b43,2025-02-23 14:17:02.150870+00:00
202502230ATL,2025-02-23,2025-02-23 18:00:00,ATL,DET,ee9d28e78fff13487a9f01a8184e72c5,2025-02-23 14:17:02.150870+00:00
202502230MIL,2025-02-23,2025-02-23 18:00:00,MIL,MIA,35a3c525d1c51e630e73702784fb52a3,2025-02-23 14:17:02.150870+00:00
202502230ORL,2025-02-23,2025-02-23 18:00:00,ORL,WAS,3ed8120684eb7fdac50ed872bebe3ea7,2025-02-23 14:17:02.150870+00:00
202502230TOR,2025-02-23,2025-02-23 18:00:00,TOR,PHO,7813b6e2069178e4c51d660271acc548,2025-02-23 14:17:02.150870+00:00
202502230CLE,2025-02-23,2025-02-23 19:00:00,CLE,MEM,1166f6a605e0dcf7bc63732b1bf90eb2,2025-02-23 14:17:02.150870+00:00
202502230NOP,2025-02-23,2025-02-23 19:00:00,NOP,SAS,15c8383aab9662c352df20ace8e303c2,2025-02-23 14:17:02.150870+00:00
202502230MIN,2025-02-23,2025-02-23 21:30:00,MIN,OKC,4b9d32579272dee4c7b077688a46efe0,2025-02-23 14:17:02.150870+00:00
202502240DET,2025-02-24,2025-02-24 19:00:00,DET,LAC,79c87df42ac0149022c76558108b3f3a,2025-02-24 14:19:54.816755+00:00
202502240IND,2025-02-24,2025-02-24 19:00:00,IND,DEN,6589e5f24e0919d52e68f9b03bfea864,2025-02-24 14:19:54.816755+00:00
202502240PHI,2025-02-24,2025-02-24 19:00:00,PHI,CHI,7a3be51e3eab3ecaffd37b08dc3ac3e5,2025-02-24 14:19:54.816755+00:00
202502240WAS,2025-02-24,2025-02-24 19:00:00,WAS,BRK,48d37852ee2198cb4cdde174b41e98b5,2025-02-24 14:19:54.816755+00:00
202502240ATL,2025-02-24,2025-02-24 19:30:00,ATL,MIA,0197bdaadec710c77006d4bbbb995196,2025-02-24 14:19:54.816755+00:00
202502240OKC,2025-02-24,2025-02-24 20:00:00,OKC,MIN,b14dea30081b8ff37a9a3ec2b4aebc16,2025-02-24 14:19:54.816755+00:00
202502240UTA,2025-02-24,2025-02-24 21:00:00,UTA,POR,cd8d891255140bd6eade537ed3c0041f,2025-02-24 14:19:54.816755+00:00
202502240SAC,2025-02-24,2025-02-24 22:00:00,SAC,CHO,3f18f4481a94eba6d0f7586304730545,2025-02-24 14:19:54.816755+00:00
202502250TOR,2025-02-25,2025-02-25 19:00:00,TOR,BOS,87a890c60f7172b0c2dfc1cef0f30b99,2025-02-25 14:19:14.230995+00:00
202502250ORL,2025-02-25,2025-02-25 19:30:00,ORL,CLE,1a2d2068c7cf0f518ef3a223588cf338,2025-02-25 14:19:14.230995+00:00
202502250HOU,2025-02-25,2025-02-25 20:00:00,HOU,MIL,751d0538ffb996c7873e638c79d24f19,2025-02-25 14:19:14.230995+00:00
202502250MEM,2025-02-25,2025-02-25 20:00:00,MEM,PHO,dced59f92bb909f9d1ad767b0f9076fc,2025-02-25 14:19:14.230995+00:00
202502250NOP,2025-02-25,2025-02-25 20:00:00,NOP,SAS,eb5de5c1c9f554648e7c6b2bb60b86f4,2025-02-25 14:19:14.230995+00:00
202502250GSW,2025-02-25,2025-02-25 22:00:00,GSW,CHO,f03464588b4a09884d52a792a4cbb390,2025-02-25 14:19:14.230995+00:00
202502250LAL,2025-02-25,2025-02-25 22:00:00,LAL,DAL,8c5dfc09221b32ad1835ce0e5c426454,2025-02-25 14:19:14.230995+00:00
202502260DET,2025-02-26,2025-02-26 19:00:00,DET,BOS,7e7b14aa9dacbc7148af5216e4d8560e,2025-02-26 14:18:44.449673+00:00
202502260IND,2025-02-26,2025-02-26 19:00:00,IND,TOR,32df0693cced9f3543d8dce69e2c51a8,2025-02-26 14:18:44.449673+00:00
202502260NYK,2025-02-26,2025-02-26 19:00:00,NYK,PHI,c2280f01af3d01daaedd7712b877b6db,2025-02-26 14:18:44.449673+00:00
202502260WAS,2025-02-26,2025-02-26 19:00:00,WAS,POR,3cec61d1fb1aeba91c0134548c12f860,2025-02-26 14:18:44.449673+00:00
202502260BRK,2025-02-26,2025-02-26 19:30:00,BRK,OKC,79447ad072adfd8d2f55d5a091e4443c,2025-02-26 14:18:44.449673+00:00
202502260MIA,2025-02-26,2025-02-26 19:30:00,MIA,ATL,05ef26443a2105173b9cc009ab4d5b67,2025-02-26 14:18:44.449673+00:00
202502260CHI,2025-02-26,2025-02-26 20:00:00,CHI,LAC,22f1fdae3a801fdc9ae93ab9e210b125,2025-02-26 14:18:44.449673+00:00
202502260UTA,2025-02-26,2025-02-26 21:00:00,UTA,SAC,5cbaf0319a1740115e806f83d187562a,2025-02-26 14:18:44.449673+00:00
202502260HOU,2025-02-26,2025-02-26 21:30:00,HOU,SAS,f328f625a7eb659ab44fe378d04deaf8,2025-02-26 14:18:44.449673+00:00
202502270ORL,2025-02-27,2025-02-27 19:00:00,ORL,GSW,e2406ddb19c6ee8ca07a4f74c9cc1f47,2025-02-27 14:19:04.977571+00:00
202502270MIL,2025-02-27,2025-02-27 20:00:00,MIL,DEN,2835d99987b987035e9bc304399ccc1c,2025-02-27 14:19:04.977571+00:00
202502270DAL,2025-02-27,2025-02-27 20:30:00,DAL,CHO,742d9eb489ac515af157e07c25047963,2025-02-27 14:19:04.977571+00:00
202502270PHO,2025-02-27,2025-02-27 21:00:00,PHO,NOP,b4df207df7266e383550fff09f779ad4,2025-02-27 14:19:04.977571+00:00
202502270LAL,2025-02-27,2025-02-27 22:30:00,LAL,MIN,1f2ae5bf11e887f1358d1f4bfaefeeee,2025-02-27 14:19:04.977571+00:00
202503010CHO,2025-03-01,2025-03-01 18:00:00,CHO,WAS,bed37b3ba4b2db925d6281d708d9840f,2025-03-01 14:17:37.927270+00:00
202503010DET,2025-03-01,2025-03-01 19:00:00,DET,BRK,e9c763c0614afde1a74e1a879a2e9d99,2025-03-01 14:17:37.927270+00:00
202503010HOU,2025-03-01,2025-03-01 20:00:00,HOU,SAC,878164a77a0c38e0bbc077bfa30177ac,2025-03-01 14:17:37.927270+00:00
202503010MEM,2025-03-01,2025-03-01 20:00:00,MEM,SAS,191576df455117fc825b052b5610b739,2025-03-01 14:17:37.927270+00:00
202503010DAL,2025-03-01,2025-03-01 20:30:00,DAL,MIL,6cdf8e902a55b1f69f4a577186c856a1,2025-03-01 14:17:37.927270+00:00
202503010PHI,2025-03-01,2025-03-01 20:30:00,PHI,GSW,14ba92618c5e4d3bd12d4ea74e694fe7,2025-03-01 14:17:37.927270+00:00
202503020BOS,2025-03-02,2025-03-02 13:00:00,BOS,DEN,d424e14dbd47c9ae61f438beef163949,2025-03-02 14:17:38.264408+00:00
202503020CLE,2025-03-02,2025-03-02 15:30:00,CLE,POR,373b7cbc2df4ed9d1e05cf322b1217fe,2025-03-02 14:17:38.264408+00:00
202503020IND,2025-03-02,2025-03-02 17:00:00,IND,CHI,4bc8ac5f761994607f78bf8767e8363d,2025-03-02 14:17:38.264408+00:00
202503020MIA,2025-03-02,2025-03-02 18:00:00,MIA,NYK,f4420a11a9186ca5d15e80e84d660eb8,2025-03-02 14:17:38.264408+00:00
202503020ORL,2025-03-02,2025-03-02 18:00:00,ORL,TOR,06f98f72ad122e54a758f31e2ca69f92,2025-03-02 14:17:38.264408+00:00
202503020SAS,2025-03-02,2025-03-02 19:00:00,SAS,OKC,b5c5e0492f6e904196efa180310fc824,2025-03-02 14:17:38.264408+00:00
202503020UTA,2025-03-02,2025-03-02 20:00:00,UTA,NOP,385c8e6091ff9173bdf378c6c311a311,2025-03-02 14:17:38.264408+00:00
202503020LAL,2025-03-02,2025-03-02 21:30:00,LAL,LAC,5dc147c696d8ae57fa01224b1c498425,2025-03-02 14:17:38.264408+00:00
202503020PHO,2025-03-02,2025-03-02 21:30:00,PHO,MIN,59ed9128013613818c3df2f922ab98a9,2025-03-02 14:17:38.264408+00:00
202503030CHO,2025-03-03,2025-03-03 19:00:00,CHO,GSW,88ec7352b864871886a86b3bcb559179,2025-03-03 14:19:48.599796+00:00
202503030PHI,2025-03-03,2025-03-03 19:00:00,PHI,POR,d9ffe1f98222bd3881003a3eb3bf3178,2025-03-03 14:19:48.599796+00:00
202503030MIA,2025-03-03,2025-03-03 19:30:00,MIA,WAS,01703ec69023c48dec6d3a5cef234cfb,2025-03-03 14:19:48.599796+00:00
202503030MEM,2025-03-03,2025-03-03 20:00:00,MEM,ATL,7d360fe51d388cd45d67ca0791a15e4d,2025-03-03 14:19:48.599796+00:00
202503030OKC,2025-03-03,2025-03-03 20:00:00,OKC,HOU,6a1800f3e3f9e432e58d100a1ed1408d,2025-03-03 14:19:48.599796+00:00
202503030DAL,2025-03-03,2025-03-03 20:30:00,DAL,SAC,16012c27cfc786cfc9825a4c23b045f0,2025-03-03 14:19:48.599796+00:00
202503030UTA,2025-03-03,2025-03-03 21:00:00,UTA,DET,a2656e442abab0ceb73d1043afaddc31,2025-03-03 14:19:48.599796+00:00
202503040IND,2025-03-04,2025-03-04 19:00:00,IND,HOU,735654e148a1dc90f79961500668f91e,2025-03-04 14:18:53.268989+00:00
202503040ORL,2025-03-04,2025-03-04 19:00:00,ORL,TOR,bfc84e5d5f3f10d0daa5bd7a93546a4d,2025-03-04 14:18:53.268989+00:00
202503040ATL,2025-03-04,2025-03-04 19:30:00,ATL,MIL,7fc7c5ee183efb4cbae16b6317c166b4,2025-03-04 14:18:53.268989+00:00
202503040NYK,2025-03-04,2025-03-04 19:30:00,NYK,GSW,03c7b27fbc71c140e01015a84c83815c,2025-03-04 14:18:53.268989+00:00
202503040CHI,2025-03-04,2025-03-04 20:00:00,CHI,CLE,377e39927b397d8cc8d08c68209c4cbb,2025-03-04 14:18:53.268989+00:00
202503040MIN,2025-03-04,2025-03-04 20:00:00,MIN,PHI,41f75776998a17774e05e86ab1495ea0,2025-03-04 14:18:53.268989+00:00
202503040SAS,2025-03-04,2025-03-04 20:30:00,SAS,BRK,a7315a97f0f8c84127ab2ed585c347df,2025-03-04 14:18:53.268989+00:00
202503040PHO,2025-03-04,2025-03-04 22:00:00,PHO,LAC,fd7093410e2bfb14472804c74cae62da,2025-03-04 14:18:53.268989+00:00
202503040LAL,2025-03-04,2025-03-04 22:30:00,LAL,NOP,8cc691734a67454e7ed3398d2ee0033e,2025-03-04 14:18:53.268989+00:00
202503050BOS,2025-03-05,2025-03-05 19:00:00,BOS,POR,808967176312a7bee00acc90f0d496ba,2025-03-05 14:19:20.580992+00:00
202503050CHO,2025-03-05,2025-03-05 19:00:00,CHO,MIN,45a8bfddd2a9ef47d0b1ce178b5a4550,2025-03-05 14:19:20.580992+00:00
202503050CLE,2025-03-05,2025-03-05 19:00:00,CLE,MIA,8a0978249007986ccd8e87be3a2a0f45,2025-03-05 14:19:20.580992+00:00
202503050WAS,2025-03-05,2025-03-05 19:00:00,WAS,UTA,dd11cd814adc99021752681af38ed826,2025-03-05 14:19:20.580992+00:00
202503050MIL,2025-03-05,2025-03-05 20:00:00,MIL,DAL,a017e08a77bc60cb6ed352e213e0da9f,2025-03-05 14:19:20.580992+00:00
202503050DEN,2025-03-05,2025-03-05 21:00:00,DEN,SAC,fead08a44647be637442a0cf4bdf5587,2025-03-05 14:19:20.580992+00:00
202503050MEM,2025-03-05,2025-03-05 21:30:00,MEM,OKC,8d09abc5358137cab179d2471675e70e,2025-03-05 14:19:20.580992+00:00
202503050LAC,2025-03-05,2025-03-05 22:30:00,LAC,DET,e4f8e58abce1f3c0845fedb7fd2eaaa0,2025-03-05 14:19:20.580992+00:00
202503060ORL,2025-03-06,2025-03-06 19:00:00,ORL,CHI,405771221c6013dc40aecf9964df0adc,2025-03-06 14:18:54.192995+00:00
202503060ATL,2025-03-06,2025-03-06 19:30:00,ATL,IND,2455a56e19ca26ff7ac342c95212d862,2025-03-06 14:18:54.192995+00:00
202503060BOS,2025-03-06,2025-03-06 19:30:00,BOS,PHI,2dfbf397dcee68b92c3483fd2a55ef69,2025-03-06 14:18:54.192995+00:00
202503060BRK,2025-03-06,2025-03-06 19:30:00,BRK,GSW,b7d59bd12fb88f987980446be3af894f,2025-03-06 14:18:54.192995+00:00
202503060NOP,2025-03-06,2025-03-06 20:00:00,NOP,HOU,66594b0a9d37f8ce9b2425a5e99688cd,2025-03-06 14:18:54.192995+00:00
202503060LAL,2025-03-06,2025-03-06 22:00:00,LAL,NYK,4ef69c34d9cb953aff69e69c92acf2cd,2025-03-06 14:18:54.192995+00:00
202503080CHO,2025-03-08,2025-03-08 18:00:00,CHO,BRK,33e852b036ab436285a82f337e32e959,2025-03-08 14:14:45.345192+00:00
202503080HOU,2025-03-08,2025-03-08 19:00:00,HOU,NOP,7080c86d26fb2e75b344b134b4059fc2,2025-03-08 14:14:45.345192+00:00
202503080ATL,2025-03-08,2025-03-08 19:30:00,ATL,IND,3cd5af5010f635f1bb2492b9bff15864,2025-03-08 14:14:45.345192+00:00
202503080TOR,2025-03-08,2025-03-08 19:30:00,TOR,WAS,fbc4ecb5bfbfdf70e843716906756839,2025-03-08 14:14:45.345192+00:00
202503080MIA,2025-03-08,2025-03-08 20:00:00,MIA,CHI,5aa6e6a92cbbc6db4836fd21bc1a0dd6,2025-03-08 14:14:45.345192+00:00
202503080MIL,2025-03-08,2025-03-08 20:00:00,MIL,ORL,0cddb6d1c291ea1c614e0513eca82c54,2025-03-08 14:14:45.345192+00:00
202503080BOS,2025-03-08,2025-03-08 20:30:00,BOS,LAL,c17047e1327d628c58735ff818b485e5,2025-03-08 14:14:45.345192+00:00
202503080GSW,2025-03-08,2025-03-08 20:30:00,GSW,DET,1df34e2cad9a6ba37e0cc821cddb9228,2025-03-08 14:14:45.345192+00:00
202503090OKC,2025-03-09,2025-03-09 13:00:00,OKC,DEN,ccd5104e0b087694bcedf880ba209a43,2025-03-09 14:15:36.591960+00:00
202503090DAL,2025-03-09,2025-03-09 15:30:00,DAL,PHO,ebf73e325fe61099599a1814b261bd54,2025-03-09 14:15:36.591960+00:00
202503090NOP,2025-03-09,2025-03-09 19:00:00,NOP,MEM,242c77a8d5890e18bab91773ad32fcb5,2025-03-09 14:15:36.591960+00:00
202503090PHI,2025-03-09,2025-03-09 19:30:00,PHI,UTA,c166b5e632c22dc2ab475f6bcc0a73c8,2025-03-09 14:15:36.591960+00:00
202503090MIL,2025-03-09,2025-03-09 20:00:00,MIL,CLE,67746197d1b0b87daee111a4c83d1d9a,2025-03-09 14:15:36.591960+00:00
202503090MIN,2025-03-09,2025-03-09 20:00:00,MIN,SAS,8eea0fac716aea84884f4538afd3f382,2025-03-09 14:15:36.591960+00:00
202503090POR,2025-03-09,2025-03-09 21:00:00,POR,DET,b1a50cdd0f9cae1b194e4563528bd579,2025-03-09 14:15:36.591960+00:00
202503090LAC,2025-03-09,2025-03-09 21:30:00,LAC,SAC,22c7a88941d89c6c0c72f68194b0cf02,2025-03-09 14:15:36.591960+00:00
202503100ATL,2025-03-10,2025-03-10 19:30:00,ATL,PHI,88385308eabcb5d71ad6d9d64bfcf072,2025-03-10 14:19:57.142298+00:00
202503100BOS,2025-03-10,2025-03-10 19:30:00,BOS,UTA,a46fe84c8e56f3da49d324093bf10907,2025-03-10 14:19:57.142298+00:00
202503100BRK,2025-03-10,2025-03-10 19:30:00,BRK,LAL,7b880ef73891d31d2d33fddd77800847,2025-03-10 14:19:57.142298+00:00
202503100MIA,2025-03-10,2025-03-10 19:30:00,MIA,CHO,ae24916e0f1c168d70364a8748311211,2025-03-10 14:19:57.142298+00:00
202503100TOR,2025-03-10,2025-03-10 19:30:00,TOR,WAS,8ecba2c502a6a9fd77f10ae4967404f4,2025-03-10 14:19:57.142298+00:00
202503100CHI,2025-03-10,2025-03-10 20:00:00,CHI,IND,38ba6d78e25e4297749010f54b34ba32,2025-03-10 14:19:57.142298+00:00
202503100HOU,2025-03-10,2025-03-10 20:00:00,HOU,ORL,f6f420d8a55d0a01f863b688644215ee,2025-03-10 14:19:57.142298+00:00
202503100MEM,2025-03-10,2025-03-10 20:00:00,MEM,PHO,fefdda0780a6212806a4c9a8b4285d9e,2025-03-10 14:19:57.142298+00:00
202503100OKC,2025-03-10,2025-03-10 20:00:00,OKC,DEN,fadd7c0c5d6e81a876945a3d7ee0490c,2025-03-10 14:19:57.142298+00:00
202503100SAS,2025-03-10,2025-03-10 20:30:00,SAS,DAL,e4bcf000e358284bb475f1a3b3195e29,2025-03-10 14:19:57.142298+00:00
202503100GSW,2025-03-10,2025-03-10 22:00:00,GSW,POR,d547139c212c53cbf2d80cd17a08084f,2025-03-10 14:19:57.142298+00:00
202503100SAC,2025-03-10,2025-03-10 22:30:00,SAC,NYK,7f0a750037d37aeaa688648cffc4a155,2025-03-10 14:19:57.142298+00:00
202503110CLE,2025-03-11,2025-03-11 19:00:00,CLE,BRK,8dc3d32bfed44beeb0999dabf1dfcb19,2025-03-11 14:21:14.075199+00:00
202503110DET,2025-03-11,2025-03-11 19:00:00,DET,WAS,606666b7853a65ce3194642367939f56,2025-03-11 14:21:14.075199+00:00
202503110IND,2025-03-11,2025-03-11 19:30:00,IND,MIL,1bc906c042d55f6a64e223c39e53b11a,2025-03-11 14:21:14.075199+00:00
202503110NOP,2025-03-11,2025-03-11 20:00:00,NOP,LAC,925ebeb8d121e4970ffb3a7381cc6a75,2025-03-11 14:21:14.075199+00:00
202503140MIA,2025-03-14,2025-03-14 19:00:00,MIA,BOS,7778dd3c609c10110e9b4aadd6753abf,2025-03-14 14:17:45.882785+00:00
202503140PHI,2025-03-14,2025-03-14 19:00:00,PHI,IND,dfc48d1713eb691d72b67328716f7ced,2025-03-14 14:17:45.882785+00:00
202503140ATL,2025-03-14,2025-03-14 19:30:00,ATL,LAC,33db6f60a8ab7cddb94c96bd2c90cbc3,2025-03-14 14:17:45.882785+00:00
202503140HOU,2025-03-14,2025-03-14 20:00:00,HOU,DAL,b2dffed2f33fd66e16fcbcd65e62a368,2025-03-14 14:17:45.882785+00:00
202503140MEM,2025-03-14,2025-03-14 20:00:00,MEM,CLE,395de5b32f7a9c3d95758e1bd3742c9f,2025-03-14 14:17:45.882785+00:00
202503140MIN,2025-03-14,2025-03-14 20:00:00,MIN,ORL,0fdc0c7f6dbaf6df7383a4cffb8c5e65,2025-03-14 14:17:45.882785+00:00
202503140SAS,2025-03-14,2025-03-14 20:00:00,SAS,CHO,f03b13bd31cbb08e214114af562be7ae,2025-03-14 14:17:45.882785+00:00
202503140DEN,2025-03-14,2025-03-14 21:30:00,DEN,LAL,e1979d16367276f88c7c770af9087bfd,2025-03-14 14:17:45.882785+00:00
202503140UTA,2025-03-14,2025-03-14 21:30:00,UTA,TOR,4f92c61261c284693d37091c24cf85d8,2025-03-14 14:17:45.882785+00:00
202503140PHO,2025-03-14,2025-03-14 22:00:00,PHO,SAC,5af9dfe051f5560545b2fb86e831be24,2025-03-14 14:17:45.882785+00:00
202503150BRK,2025-03-15,2025-03-15 18:00:00,BRK,BOS,6d44f54f4f7dd906b61977e3736d0550,2025-03-15 14:18:47.990290+00:00
202503150DET,2025-03-15,2025-03-15 19:00:00,DET,OKC,27a840a12c2959c49a3cc3423f021cdf,2025-03-15 14:18:47.990290+00:00
202503150HOU,2025-03-15,2025-03-15 20:00:00,HOU,CHI,08fb6f00569c49483cd2bd39368d6a41,2025-03-15 14:18:47.990290+00:00
202503150MEM,2025-03-15,2025-03-15 20:00:00,MEM,MIA,0231f7a057eef360df64342894b61169,2025-03-15 14:18:47.990290+00:00
202503150MIL,2025-03-15,2025-03-15 20:00:00,MIL,IND,6ee1dbf1f37c3648164a3d252aedff98,2025-03-15 14:18:47.990290+00:00
202503150GSW,2025-03-15,2025-03-15 20:30:00,GSW,NYK,200a00ca4f8d6e66887e24d7896bd5a6,2025-03-15 14:18:47.990290+00:00
202503150SAS,2025-03-15,2025-03-15 20:30:00,SAS,NOP,16f2531aa8ae151a4b8c7c1844162160,2025-03-15 14:18:47.990290+00:00
202503150DEN,2025-03-15,2025-03-15 21:00:00,DEN,WAS,4352c62bf55b47d1afb0a297be10c8d5,2025-03-15 14:18:47.990290+00:00
202503160CLE,2025-03-16,2025-03-16 13:00:00,CLE,ORL,2aef8b9b69f0d0e62ae6dafc2524f51e,2025-03-16 14:16:45.453132+00:00
202503160DAL,2025-03-16,2025-03-16 13:00:00,DAL,PHI,9fe3de8d645431ad5b81db617d6ee571,2025-03-16 14:16:45.453132+00:00
202503160LAL,2025-03-16,2025-03-16 15:30:00,LAL,PHO,9f5ae1d0355f9d38a8af0a228fe45053,2025-03-16 14:16:45.453132+00:00
202503160BRK,2025-03-16,2025-03-16 18:00:00,BRK,ATL,6a2e8167d9f15bd39be325fad0df92d9,2025-03-16 14:16:45.453132+00:00
202503160POR,2025-03-16,2025-03-16 18:00:00,POR,TOR,01b048c1857901dd9f688741cc4c13c2,2025-03-16 14:16:45.453132+00:00
202503160LAC,2025-03-16,2025-03-16 19:00:00,LAC,CHO,fc8d0c4c0e2a57e7ea9c06c5fb35a291,2025-03-16 14:16:45.453132+00:00
202503160MIN,2025-03-16,2025-03-16 19:00:00,MIN,UTA,085c54e542467c56637a2e0ccd86d9ee,2025-03-16 14:16:45.453132+00:00
202503160MIL,2025-03-16,2025-03-16 21:00:00,MIL,OKC,88c8cb14a4897c96f7cefbddaa9c063f,2025-03-16 14:16:45.453132+00:00
202503170NYK,2025-03-17,2025-03-17 19:30:00,NYK,MIA,2ac1a00ab74372966e61ee167c0a4bfa,2025-03-17 14:20:15.262134+00:00
202503170HOU,2025-03-17,2025-03-17 20:00:00,HOU,PHI,f1a23120c8d81acc7502fa8175c96831,2025-03-17 14:20:15.262134+00:00
202503170MIN,2025-03-17,2025-03-17 20:00:00,MIN,IND,26d1646339ba804c945c590424892b60,2025-03-17 14:20:15.262134+00:00
202503170NOP,2025-03-17,2025-03-17 20:00:00,NOP,DET,325d2e2cb265a16f7df29f9230ef354e,2025-03-17 14:20:15.262134+00:00
202503170UTA,2025-03-17,2025-03-17 21:00:00,UTA,CHI,c8e48d7416330d26f21c70e65a8571ee,2025-03-17 14:20:15.262134+00:00
202503170GSW,2025-03-17,2025-03-17 22:00:00,GSW,DEN,07aec6a545be9cff5de723ea38b3ced2,2025-03-17 14:20:15.262134+00:00
202503170PHO,2025-03-17,2025-03-17 22:00:00,PHO,TOR,492d823276e68df2ee7bc99b63ba53ef,2025-03-17 14:20:15.262134+00:00
202503170POR,2025-03-17,2025-03-17 22:00:00,POR,WAS,947d4ba93946bd99ff956efbb79424d7,2025-03-17 14:20:15.262134+00:00
202503170SAC,2025-03-17,2025-03-17 22:00:00,SAC,MEM,700c08527b218b9f3c136a932b1d2f6d,2025-03-17 14:20:15.262134+00:00
202503170LAL,2025-03-17,2025-03-17 22:30:00,LAL,SAS,9fa93ff7802af1188f0cfe7214d6a40a,2025-03-17 14:20:15.262134+00:00
202503180CHO,2025-03-18,2025-03-18 19:00:00,CHO,ATL,ae797ae9bc451fd38c0602287bec9301,2025-03-18 14:20:31.643422+00:00
202503180BOS,2025-03-18,2025-03-18 19:30:00,BOS,BRK,91e3d5572c0116617237ead983d7adda,2025-03-18 14:20:31.643422+00:00
202503180GSW,2025-03-18,2025-03-18 22:00:00,GSW,MIL,73220145ed93f536b3f202e535a51036,2025-03-18 14:20:31.643422+00:00
202503180LAC,2025-03-18,2025-03-18 22:30:00,LAC,CLE,155c5d209a9e7c0ca5bdaa1b60bd6dcc,2025-03-18 14:20:31.643422+00:00
202503190IND,2025-03-19,2025-03-19 19:00:00,IND,DAL,b0f62486967f67ea2533ab5cd800daf6,2025-03-19 14:18:50.216979+00:00
202503190ORL,2025-03-19,2025-03-19 19:00:00,ORL,HOU,3a2f0645841b6624b33e936006196323,2025-03-19 14:18:50.216979+00:00
202503190MIA,2025-03-19,2025-03-19 19:30:00,MIA,DET,6d357b257c0db2782eb3c3b565bc2af1,2025-03-19 14:18:50.216979+00:00
202503190MIN,2025-03-19,2025-03-19 20:00:00,MIN,NOP,683d436c23df509fea2170f2016f576c,2025-03-19 14:18:50.216979+00:00
202503190OKC,2025-03-19,2025-03-19 20:00:00,OKC,PHI,16d1df622fcb75e4a81fc7dcbba853d9,2025-03-19 14:18:50.216979+00:00
202503190SAS,2025-03-19,2025-03-19 20:00:00,SAS,NYK,697a9660d48019f975dab2c5e3eda450,2025-03-19 14:18:50.216979+00:00
202503190UTA,2025-03-19,2025-03-19 21:00:00,UTA,WAS,792a745a14ea50ac11b22034265ba128,2025-03-19 14:18:50.216979+00:00
202503190LAL,2025-03-19,2025-03-19 22:00:00,LAL,DEN,e83db443c389591f9632a1560b2fe44f,2025-03-19 14:18:50.216979+00:00
202503190PHO,2025-03-19,2025-03-19 22:00:00,PHO,CHI,4298b4b0e3eb435a61815894c7e07d67,2025-03-19 14:18:50.216979+00:00
202503190POR,2025-03-19,2025-03-19 22:00:00,POR,MEM,6e4ab2db233003e7d6aa6ace267712d9,2025-03-19 14:18:50.216979+00:00
202503190SAC,2025-03-19,2025-03-19 22:00:00,SAC,CLE,724642163dcb1f79026392b3936ae218,2025-03-19 14:18:50.216979+00:00
202503200CHO,2025-03-20,2025-03-20 19:00:00,CHO,NYK,4f21e91e8f09dc2474b646f3f2c55b1c,2025-03-20 14:20:53.789514+00:00
202503200IND,2025-03-20,2025-03-20 19:00:00,IND,BRK,03276aad1c7feb2d452d1484c3a2f459,2025-03-20 14:20:53.789514+00:00
202503200GSW,2025-03-20,2025-03-20 22:00:00,GSW,TOR,abe989186da909028bbf62e0dc26be9d,2025-03-20 14:20:53.789514+00:00
202503200SAC,2025-03-20,2025-03-20 22:00:00,SAC,CHI,32679728dedc0da8e57ea00f854d5be5,2025-03-20 14:20:53.789514+00:00
202503200LAL,2025-03-20,2025-03-20 22:30:00,LAL,MIL,ec83fa537e65517332af6c966ae6fba4,2025-03-20 14:20:53.789514+00:00
202503210WAS,2025-03-21,2025-03-21 19:00:00,WAS,ORL,39f52f48e6c5a37e3fb771b54912c959,2025-03-21 14:18:26.629202+00:00
202503210MIA,2025-03-21,2025-03-21 20:00:00,MIA,HOU,fb2f3213497f7221d053819ad2ef9573,2025-03-21 14:18:26.629202+00:00
202503210MIN,2025-03-21,2025-03-21 20:00:00,MIN,NOP,94ee5eaf061091223301780dcff1b907,2025-03-21 14:18:26.629202+00:00
202503210OKC,2025-03-21,2025-03-21 20:00:00,OKC,CHO,34d8351752cc1f7336eb24a67b933117,2025-03-21 14:18:26.629202+00:00
202503210SAS,2025-03-21,2025-03-21 20:00:00,SAS,PHI,a9ad4f4cd23bd912c076487b59f01fad,2025-03-21 14:18:26.629202+00:00
202503210DAL,2025-03-21,2025-03-21 20:30:00,DAL,DET,583bcf24fae3895d582bdab45c51e909,2025-03-21 14:18:26.629202+00:00
202503210UTA,2025-03-21,2025-03-21 21:30:00,UTA,BOS,88209330a4a497bc95a88e614e97f5a9,2025-03-21 14:18:26.629202+00:00
202503210PHO,2025-03-21,2025-03-21 22:00:00,PHO,CLE,b0f3a9da3cbaaa07015199286ed27b27,2025-03-21 14:18:26.629202+00:00
202503210POR,2025-03-21,2025-03-21 22:00:00,POR,DEN,1ea6ab60f534cef8f53cee9f2dcc16b1,2025-03-21 14:18:26.629202+00:00
202503210LAC,2025-03-21,2025-03-21 22:30:00,LAC,MEM,8e171e6b8d1b9fed3e81f6d885b622d6,2025-03-21 14:18:26.629202+00:00
202503220IND,2025-03-22,2025-03-22 17:00:00,IND,BRK,75ddda15d53676b7c81f9beb7241ecb2,2025-03-22 14:19:17.461535+00:00
202503220ATL,2025-03-22,2025-03-22 19:00:00,ATL,GSW,5b825671615ce28e719e8f99a2d0ba20,2025-03-22 14:19:17.461535+00:00
202503220NYK,2025-03-22,2025-03-22 20:00:00,NYK,WAS,7332ecff132c0766afafdd01c5ad2d02,2025-03-22 14:19:17.461535+00:00
202503220SAC,2025-03-22,2025-03-22 22:00:00,SAC,MIL,d3f0a7b40bf49f5772782507472c5e35,2025-03-22 14:19:17.461535+00:00
202503220LAL,2025-03-22,2025-03-22 22:30:00,LAL,CHI,b9c30f60c21bee7b9f52488c851a4e37,2025-03-22 14:19:17.461535+00:00
