name,price,bookmaker,update_time,game_id,event_id,insert_timestamp_utc
Franz Wagner,5.6,fanduel,2024-12-01T03:14:37Z,202412010BRK,63d09cdb1e59c1435acde1892c74c9d0,2024-12-01 03:15:06.181798+00:00
Jalen Suggs,7.0,fanduel,2024-12-01T03:14:37Z,202412010BRK,63d09cdb1e59c1435acde1892c74c9d0,2024-12-01 03:15:06.181798+00:00
Dennis Schroder,8.5,fanduel,2024-12-01T03:14:37Z,202412010BRK,63d09cdb1e59c1435acde1892c74c9d0,2024-12-01 03:15:06.181798+00:00
Jalen Wilson,9.0,fanduel,2024-12-01T03:14:37Z,202412010BRK,63d09cdb1e59c1435acde1892c74c9d0,2024-12-01 03:15:06.181798+00:00
Cameron Johnson,9.0,fanduel,2024-12-01T03:14:37Z,202412010BRK,63d09cdb1e59c1435acde1892c74c9d0,2024-12-01 03:15:06.181798+00:00
Kentavious Caldwell-Pope,9.5,fanduel,2024-12-01T03:14:37Z,202412010BRK,63d09cdb1e59c1435acde1892c74c9d0,2024-12-01 03:15:06.181798+00:00
Ben Simmons,10.0,fanduel,2024-12-01T03:14:37Z,202412010BRK,63d09cdb1e59c1435acde1892c74c9d0,2024-12-01 03:15:06.181798+00:00
Wendell Carter Jr,10.0,fanduel,2024-12-01T03:14:37Z,202412010BRK,63d09cdb1e59c1435acde1892c74c9d0,2024-12-01 03:15:06.181798+00:00
Ziaire Williams,10.5,fanduel,2024-12-01T03:14:37Z,202412010BRK,63d09cdb1e59c1435acde1892c74c9d0,2024-12-01 03:15:06.181798+00:00
Goga Bitadze,11.0,fanduel,2024-12-01T03:14:37Z,202412010BRK,63d09cdb1e59c1435acde1892c74c9d0,2024-12-01 03:15:06.181798+00:00
Jalen Brunson,5.25,draftkings,2024-12-04T00:15:28Z,202412030NYK,823e03f1e150f589e94392112743e204,2024-12-04 00:16:23.639726+00:00
Karl-Anthony Towns,6.0,draftkings,2024-12-04T00:15:28Z,202412030NYK,823e03f1e150f589e94392112743e204,2024-12-04 00:16:23.639726+00:00
OG Anunoby,6.5,draftkings,2024-12-04T00:15:28Z,202412030NYK,823e03f1e150f589e94392112743e204,2024-12-04 00:16:23.639726+00:00
Mikal Bridges,7.0,draftkings,2024-12-04T00:15:28Z,202412030NYK,823e03f1e150f589e94392112743e204,2024-12-04 00:16:23.639726+00:00
Franz Wagner,7.0,draftkings,2024-12-04T00:15:28Z,202412030NYK,823e03f1e150f589e94392112743e204,2024-12-04 00:16:23.639726+00:00
Jalen Suggs,7.5,draftkings,2024-12-04T00:15:28Z,202412030NYK,823e03f1e150f589e94392112743e204,2024-12-04 00:16:23.639726+00:00
Wendell Carter Jr,10.0,draftkings,2024-12-04T00:15:28Z,202412030NYK,823e03f1e150f589e94392112743e204,2024-12-04 00:16:23.639726+00:00
Tristan da Silva,10.5,draftkings,2024-12-04T00:15:28Z,202412030NYK,823e03f1e150f589e94392112743e204,2024-12-04 00:16:23.639726+00:00
Kentavious Caldwell-Pope,12.0,draftkings,2024-12-04T00:15:28Z,202412030NYK,823e03f1e150f589e94392112743e204,2024-12-04 00:16:23.639726+00:00
Josh Hart,15.0,draftkings,2024-12-04T00:15:28Z,202412030NYK,823e03f1e150f589e94392112743e204,2024-12-04 00:16:23.639726+00:00
Franz Wagner,6.0,fanduel,2024-12-04T00:16:13Z,202412030NYK,823e03f1e150f589e94392112743e204,2024-12-04 00:16:23.639726+00:00
Karl-Anthony Towns,6.5,fanduel,2024-12-04T00:16:13Z,202412030NYK,823e03f1e150f589e94392112743e204,2024-12-04 00:16:23.639726+00:00
Jalen Brunson,6.0,fanduel,2024-12-04T00:16:13Z,202412030NYK,823e03f1e150f589e94392112743e204,2024-12-04 00:16:23.639726+00:00
Jalen Suggs,7.5,fanduel,2024-12-04T00:16:13Z,202412030NYK,823e03f1e150f589e94392112743e204,2024-12-04 00:16:23.639726+00:00
Wendell Carter Jr,9.5,fanduel,2024-12-04T00:16:13Z,202412030NYK,823e03f1e150f589e94392112743e204,2024-12-04 00:16:23.639726+00:00
Mikal Bridges,10.0,fanduel,2024-12-04T00:16:13Z,202412030NYK,823e03f1e150f589e94392112743e204,2024-12-04 00:16:23.639726+00:00
OG Anunoby,10.5,fanduel,2024-12-04T00:16:13Z,202412030NYK,823e03f1e150f589e94392112743e204,2024-12-04 00:16:23.639726+00:00
Kentavious Caldwell-Pope,12.0,fanduel,2024-12-04T00:16:13Z,202412030NYK,823e03f1e150f589e94392112743e204,2024-12-04 00:16:23.639726+00:00
Josh Hart,12.0,fanduel,2024-12-04T00:16:13Z,202412030NYK,823e03f1e150f589e94392112743e204,2024-12-04 00:16:23.639726+00:00
OG Anunoby,9.0,betrivers,2024-12-04T00:15:34Z,202412030NYK,823e03f1e150f589e94392112743e204,2024-12-04 00:16:23.639726+00:00
Mikal Bridges,11.0,betrivers,2024-12-04T00:15:34Z,202412030NYK,823e03f1e150f589e94392112743e204,2024-12-04 00:16:23.639726+00:00
Jalen Brunson,5.5,betrivers,2024-12-04T00:15:34Z,202412030NYK,823e03f1e150f589e94392112743e204,2024-12-04 00:16:23.639726+00:00
Josh Hart,16.0,betrivers,2024-12-04T00:15:34Z,202412030NYK,823e03f1e150f589e94392112743e204,2024-12-04 00:16:23.639726+00:00
Karl-Anthony Towns,7.0,betrivers,2024-12-04T00:15:34Z,202412030NYK,823e03f1e150f589e94392112743e204,2024-12-04 00:16:23.639726+00:00
Kentavious Caldwell-Pope,12.0,betrivers,2024-12-04T00:15:34Z,202412030NYK,823e03f1e150f589e94392112743e204,2024-12-04 00:16:23.639726+00:00
Wendell Carter Jr,11.0,betrivers,2024-12-04T00:15:34Z,202412030NYK,823e03f1e150f589e94392112743e204,2024-12-04 00:16:23.639726+00:00
Tristan da Silva,11.0,betrivers,2024-12-04T00:15:34Z,202412030NYK,823e03f1e150f589e94392112743e204,2024-12-04 00:16:23.639726+00:00
Jalen Suggs,8.0,betrivers,2024-12-04T00:15:34Z,202412030NYK,823e03f1e150f589e94392112743e204,2024-12-04 00:16:23.639726+00:00
Franz Wagner,6.0,betrivers,2024-12-04T00:15:34Z,202412030NYK,823e03f1e150f589e94392112743e204,2024-12-04 00:16:23.639726+00:00
Jalen Brunson,5.0,bovada,2024-12-04T00:15:43Z,202412030NYK,823e03f1e150f589e94392112743e204,2024-12-04 00:16:23.639726+00:00
Franz Wagner,6.0,bovada,2024-12-04T00:15:43Z,202412030NYK,823e03f1e150f589e94392112743e204,2024-12-04 00:16:23.639726+00:00
Karl-Anthony Towns,7.0,bovada,2024-12-04T00:15:43Z,202412030NYK,823e03f1e150f589e94392112743e204,2024-12-04 00:16:23.639726+00:00
Jalen Suggs,7.5,bovada,2024-12-04T00:15:43Z,202412030NYK,823e03f1e150f589e94392112743e204,2024-12-04 00:16:23.639726+00:00
OG Anunoby,9.0,bovada,2024-12-04T00:15:43Z,202412030NYK,823e03f1e150f589e94392112743e204,2024-12-04 00:16:23.639726+00:00
Wendell Carter Jr,11.0,bovada,2024-12-04T00:15:43Z,202412030NYK,823e03f1e150f589e94392112743e204,2024-12-04 00:16:23.639726+00:00
Mikal Bridges,11.0,bovada,2024-12-04T00:15:43Z,202412030NYK,823e03f1e150f589e94392112743e204,2024-12-04 00:16:23.639726+00:00
Goga Bitadze,10.5,bovada,2024-12-04T00:15:43Z,202412030NYK,823e03f1e150f589e94392112743e204,2024-12-04 00:16:23.639726+00:00
Kentavious Caldwell-Pope,12.0,bovada,2024-12-04T00:15:43Z,202412030NYK,823e03f1e150f589e94392112743e204,2024-12-04 00:16:23.639726+00:00
Josh Hart,16.0,bovada,2024-12-04T00:15:43Z,202412030NYK,823e03f1e150f589e94392112743e204,2024-12-04 00:16:23.639726+00:00
R.J. Barrett,5.5,draftkings,2024-12-04T00:16:19Z,202412030TOR,f53359e43a9975db8b93a561183faeb8,2024-12-04 00:16:23.779366+00:00
Scottie Barnes,5.75,draftkings,2024-12-04T00:16:19Z,202412030TOR,f53359e43a9975db8b93a561183faeb8,2024-12-04 00:16:23.779366+00:00
Jakob Poeltl,7.0,draftkings,2024-12-04T00:16:19Z,202412030TOR,f53359e43a9975db8b93a561183faeb8,2024-12-04 00:16:23.779366+00:00
Andrew Nembhard,8.5,draftkings,2024-12-04T00:16:19Z,202412030TOR,f53359e43a9975db8b93a561183faeb8,2024-12-04 00:16:23.779366+00:00
Myles Turner,8.5,draftkings,2024-12-04T00:16:19Z,202412030TOR,f53359e43a9975db8b93a561183faeb8,2024-12-04 00:16:23.779366+00:00
Pascal Siakam,9.0,draftkings,2024-12-04T00:16:19Z,202412030TOR,f53359e43a9975db8b93a561183faeb8,2024-12-04 00:16:23.779366+00:00
Ja'Kobe Walter,10.5,draftkings,2024-12-04T00:16:19Z,202412030TOR,f53359e43a9975db8b93a561183faeb8,2024-12-04 00:16:23.779366+00:00
Tyrese Haliburton,11.0,draftkings,2024-12-04T00:16:19Z,202412030TOR,f53359e43a9975db8b93a561183faeb8,2024-12-04 00:16:23.779366+00:00
Bennedict Mathurin,11.0,draftkings,2024-12-04T00:16:19Z,202412030TOR,f53359e43a9975db8b93a561183faeb8,2024-12-04 00:16:23.779366+00:00
Ochai Agbaji,13.0,draftkings,2024-12-04T00:16:19Z,202412030TOR,f53359e43a9975db8b93a561183faeb8,2024-12-04 00:16:23.779366+00:00
Ochai Agbaji,14.0,betrivers,2024-12-04T00:15:52Z,202412030TOR,f53359e43a9975db8b93a561183faeb8,2024-12-04 00:16:23.779366+00:00
Scottie Barnes,6.5,betrivers,2024-12-04T00:15:52Z,202412030TOR,f53359e43a9975db8b93a561183faeb8,2024-12-04 00:16:23.779366+00:00
R.J. Barrett,7.0,betrivers,2024-12-04T00:15:52Z,202412030TOR,f53359e43a9975db8b93a561183faeb8,2024-12-04 00:16:23.779366+00:00
Jakob Poeltl,6.0,betrivers,2024-12-04T00:15:52Z,202412030TOR,f53359e43a9975db8b93a561183faeb8,2024-12-04 00:16:23.779366+00:00
Ja'Kobe Walter,10.0,betrivers,2024-12-04T00:15:52Z,202412030TOR,f53359e43a9975db8b93a561183faeb8,2024-12-04 00:16:23.779366+00:00
Tyrese Haliburton,11.0,betrivers,2024-12-04T00:15:52Z,202412030TOR,f53359e43a9975db8b93a561183faeb8,2024-12-04 00:16:23.779366+00:00
Bennedict Mathurin,12.0,betrivers,2024-12-04T00:15:52Z,202412030TOR,f53359e43a9975db8b93a561183faeb8,2024-12-04 00:16:23.779366+00:00
Andrew Nembhard,9.0,betrivers,2024-12-04T00:15:52Z,202412030TOR,f53359e43a9975db8b93a561183faeb8,2024-12-04 00:16:23.779366+00:00
Pascal Siakam,8.5,betrivers,2024-12-04T00:15:52Z,202412030TOR,f53359e43a9975db8b93a561183faeb8,2024-12-04 00:16:23.779366+00:00
Myles Turner,8.5,betrivers,2024-12-04T00:15:52Z,202412030TOR,f53359e43a9975db8b93a561183faeb8,2024-12-04 00:16:23.779366+00:00
Jakob Poeltl,6.0,bovada,2024-12-04T00:15:45Z,202412030TOR,f53359e43a9975db8b93a561183faeb8,2024-12-04 00:16:23.779366+00:00
R.J. Barrett,6.5,bovada,2024-12-04T00:15:45Z,202412030TOR,f53359e43a9975db8b93a561183faeb8,2024-12-04 00:16:23.779366+00:00
Scottie Barnes,6.5,bovada,2024-12-04T00:15:45Z,202412030TOR,f53359e43a9975db8b93a561183faeb8,2024-12-04 00:16:23.779366+00:00
Myles Turner,8.0,bovada,2024-12-04T00:15:45Z,202412030TOR,f53359e43a9975db8b93a561183faeb8,2024-12-04 00:16:23.779366+00:00
Andrew Nembhard,8.0,bovada,2024-12-04T00:15:45Z,202412030TOR,f53359e43a9975db8b93a561183faeb8,2024-12-04 00:16:23.779366+00:00
Pascal Siakam,9.0,bovada,2024-12-04T00:15:45Z,202412030TOR,f53359e43a9975db8b93a561183faeb8,2024-12-04 00:16:23.779366+00:00
Ja'Kobe Walter,10.5,bovada,2024-12-04T00:15:45Z,202412030TOR,f53359e43a9975db8b93a561183faeb8,2024-12-04 00:16:23.779366+00:00
Tyrese Haliburton,11.0,bovada,2024-12-04T00:15:45Z,202412030TOR,f53359e43a9975db8b93a561183faeb8,2024-12-04 00:16:23.779366+00:00
Bennedict Mathurin,12.0,bovada,2024-12-04T00:15:45Z,202412030TOR,f53359e43a9975db8b93a561183faeb8,2024-12-04 00:16:23.779366+00:00
Ochai Agbaji,13.0,bovada,2024-12-04T00:15:45Z,202412030TOR,f53359e43a9975db8b93a561183faeb8,2024-12-04 00:16:23.779366+00:00
Luka Doncic,6.0,draftkings,2024-12-04T01:13:39Z,202412030DAL,6060ee0918c66681cee75352d305f91c,2024-12-04 01:15:41.431451+00:00
Desmond Bane,6.0,draftkings,2024-12-04T01:13:39Z,202412030DAL,6060ee0918c66681cee75352d305f91c,2024-12-04 01:15:41.431451+00:00
Jaren Jackson Jr,6.0,draftkings,2024-12-04T01:13:39Z,202412030DAL,6060ee0918c66681cee75352d305f91c,2024-12-04 01:15:41.431451+00:00
Ja Morant,6.5,draftkings,2024-12-04T01:13:39Z,202412030DAL,6060ee0918c66681cee75352d305f91c,2024-12-04 01:15:41.431451+00:00
Kyrie Irving,7.5,draftkings,2024-12-04T01:13:39Z,202412030DAL,6060ee0918c66681cee75352d305f91c,2024-12-04 01:15:41.431451+00:00
Brandon Clarke,8.5,draftkings,2024-12-04T01:13:39Z,202412030DAL,6060ee0918c66681cee75352d305f91c,2024-12-04 01:15:41.431451+00:00
Dereck Lively II,10.0,draftkings,2024-12-04T01:13:39Z,202412030DAL,6060ee0918c66681cee75352d305f91c,2024-12-04 01:15:41.431451+00:00
P.J. Washington,11.0,draftkings,2024-12-04T01:13:39Z,202412030DAL,6060ee0918c66681cee75352d305f91c,2024-12-04 01:15:41.431451+00:00
Klay Thompson,12.0,draftkings,2024-12-04T01:13:39Z,202412030DAL,6060ee0918c66681cee75352d305f91c,2024-12-04 01:15:41.431451+00:00
Jaylen Wells,15.0,draftkings,2024-12-04T01:13:39Z,202412030DAL,6060ee0918c66681cee75352d305f91c,2024-12-04 01:15:41.431451+00:00
Jaren Jackson Jr,5.7,fanduel,2024-12-04T01:13:58Z,202412030DAL,6060ee0918c66681cee75352d305f91c,2024-12-04 01:15:41.431451+00:00
Ja Morant,6.5,fanduel,2024-12-04T01:13:58Z,202412030DAL,6060ee0918c66681cee75352d305f91c,2024-12-04 01:15:41.431451+00:00
Luka Doncic,7.0,fanduel,2024-12-04T01:13:58Z,202412030DAL,6060ee0918c66681cee75352d305f91c,2024-12-04 01:15:41.431451+00:00
Desmond Bane,7.5,fanduel,2024-12-04T01:13:58Z,202412030DAL,6060ee0918c66681cee75352d305f91c,2024-12-04 01:15:41.431451+00:00
Kyrie Irving,8.0,fanduel,2024-12-04T01:13:58Z,202412030DAL,6060ee0918c66681cee75352d305f91c,2024-12-04 01:15:41.431451+00:00
Dereck Lively II,10.5,fanduel,2024-12-04T01:13:58Z,202412030DAL,6060ee0918c66681cee75352d305f91c,2024-12-04 01:15:41.431451+00:00
Klay Thompson,11.0,fanduel,2024-12-04T01:13:58Z,202412030DAL,6060ee0918c66681cee75352d305f91c,2024-12-04 01:15:41.431451+00:00
Brandon Clarke,12.0,fanduel,2024-12-04T01:13:58Z,202412030DAL,6060ee0918c66681cee75352d305f91c,2024-12-04 01:15:41.431451+00:00
P.J. Washington,12.0,fanduel,2024-12-04T01:13:58Z,202412030DAL,6060ee0918c66681cee75352d305f91c,2024-12-04 01:15:41.431451+00:00
Jaylen Wells,12.0,fanduel,2024-12-04T01:13:58Z,202412030DAL,6060ee0918c66681cee75352d305f91c,2024-12-04 01:15:41.431451+00:00
Luka Doncic,7.0,betrivers,2024-12-04T01:14:53Z,202412030DAL,6060ee0918c66681cee75352d305f91c,2024-12-04 01:15:41.431451+00:00
Kyrie Irving,9.0,betrivers,2024-12-04T01:14:53Z,202412030DAL,6060ee0918c66681cee75352d305f91c,2024-12-04 01:15:41.431451+00:00
Dereck Lively II,11.0,betrivers,2024-12-04T01:14:53Z,202412030DAL,6060ee0918c66681cee75352d305f91c,2024-12-04 01:15:41.431451+00:00
Klay Thompson,11.0,betrivers,2024-12-04T01:14:53Z,202412030DAL,6060ee0918c66681cee75352d305f91c,2024-12-04 01:15:41.431451+00:00
P.J. Washington,12.0,betrivers,2024-12-04T01:14:53Z,202412030DAL,6060ee0918c66681cee75352d305f91c,2024-12-04 01:15:41.431451+00:00
Desmond Bane,6.0,betrivers,2024-12-04T01:14:53Z,202412030DAL,6060ee0918c66681cee75352d305f91c,2024-12-04 01:15:41.431451+00:00
Brandon Clarke,12.0,betrivers,2024-12-04T01:14:53Z,202412030DAL,6060ee0918c66681cee75352d305f91c,2024-12-04 01:15:41.431451+00:00
Jaren Jackson Jr,6.0,betrivers,2024-12-04T01:14:53Z,202412030DAL,6060ee0918c66681cee75352d305f91c,2024-12-04 01:15:41.431451+00:00
Ja Morant,7.0,betrivers,2024-12-04T01:14:53Z,202412030DAL,6060ee0918c66681cee75352d305f91c,2024-12-04 01:15:41.431451+00:00
Jaylen Wells,13.0,betrivers,2024-12-04T01:14:53Z,202412030DAL,6060ee0918c66681cee75352d305f91c,2024-12-04 01:15:41.431451+00:00
Jaren Jackson Jr,5.5,bovada,2024-12-04T01:14:47Z,202412030DAL,6060ee0918c66681cee75352d305f91c,2024-12-04 01:15:41.431451+00:00
Desmond Bane,6.0,bovada,2024-12-04T01:14:47Z,202412030DAL,6060ee0918c66681cee75352d305f91c,2024-12-04 01:15:41.431451+00:00
Ja Morant,6.5,bovada,2024-12-04T01:14:47Z,202412030DAL,6060ee0918c66681cee75352d305f91c,2024-12-04 01:15:41.431451+00:00
Luka Doncic,7.0,bovada,2024-12-04T01:14:47Z,202412030DAL,6060ee0918c66681cee75352d305f91c,2024-12-04 01:15:41.431451+00:00
Kyrie Irving,9.0,bovada,2024-12-04T01:14:47Z,202412030DAL,6060ee0918c66681cee75352d305f91c,2024-12-04 01:15:41.431451+00:00
Daniel Gafford,10.0,bovada,2024-12-04T01:14:47Z,202412030DAL,6060ee0918c66681cee75352d305f91c,2024-12-04 01:15:41.431451+00:00
Klay Thompson,11.0,bovada,2024-12-04T01:14:47Z,202412030DAL,6060ee0918c66681cee75352d305f91c,2024-12-04 01:15:41.431451+00:00
Brandon Clarke,12.0,bovada,2024-12-04T01:14:47Z,202412030DAL,6060ee0918c66681cee75352d305f91c,2024-12-04 01:15:41.431451+00:00
P.J. Washington,13.0,bovada,2024-12-04T01:14:47Z,202412030DAL,6060ee0918c66681cee75352d305f91c,2024-12-04 01:15:41.431451+00:00
Jaylen Wells,13.0,bovada,2024-12-04T01:14:47Z,202412030DAL,6060ee0918c66681cee75352d305f91c,2024-12-04 01:15:41.431451+00:00
Nikola Jokic,5.5,draftkings,2024-12-04T02:44:51Z,202412030DEN,eaf04a3044de875dc6c83132d04ae9f6,2024-12-04 02:45:16.563756+00:00
Stephen Curry,7.5,draftkings,2024-12-04T02:44:51Z,202412030DEN,eaf04a3044de875dc6c83132d04ae9f6,2024-12-04 02:45:16.563756+00:00
Andrew Wiggins,8.0,draftkings,2024-12-04T02:44:51Z,202412030DEN,eaf04a3044de875dc6c83132d04ae9f6,2024-12-04 02:45:16.563756+00:00
Jamal Murray,8.5,draftkings,2024-12-04T02:44:51Z,202412030DEN,eaf04a3044de875dc6c83132d04ae9f6,2024-12-04 02:45:16.563756+00:00
Michael Porter Jr,8.5,draftkings,2024-12-04T02:44:51Z,202412030DEN,eaf04a3044de875dc6c83132d04ae9f6,2024-12-04 02:45:16.563756+00:00
Jonathan Kuminga,8.5,draftkings,2024-12-04T02:44:51Z,202412030DEN,eaf04a3044de875dc6c83132d04ae9f6,2024-12-04 02:45:16.563756+00:00
Aaron Gordon,10.0,draftkings,2024-12-04T02:44:51Z,202412030DEN,eaf04a3044de875dc6c83132d04ae9f6,2024-12-04 02:45:16.563756+00:00
Christian Braun,11.0,draftkings,2024-12-04T02:44:51Z,202412030DEN,eaf04a3044de875dc6c83132d04ae9f6,2024-12-04 02:45:16.563756+00:00
Kevon Looney,11.0,draftkings,2024-12-04T02:44:51Z,202412030DEN,eaf04a3044de875dc6c83132d04ae9f6,2024-12-04 02:45:16.563756+00:00
Brandin Podziemski,14.0,draftkings,2024-12-04T02:44:51Z,202412030DEN,eaf04a3044de875dc6c83132d04ae9f6,2024-12-04 02:45:16.563756+00:00
Nikola Jokic,4.9,fanduel,2024-12-04T02:45:15Z,202412030DEN,eaf04a3044de875dc6c83132d04ae9f6,2024-12-04 02:45:16.563756+00:00
Jamal Murray,7.0,fanduel,2024-12-04T02:45:15Z,202412030DEN,eaf04a3044de875dc6c83132d04ae9f6,2024-12-04 02:45:16.563756+00:00
Michael Porter Jr,8.0,fanduel,2024-12-04T02:45:15Z,202412030DEN,eaf04a3044de875dc6c83132d04ae9f6,2024-12-04 02:45:16.563756+00:00
Andrew Wiggins,8.5,fanduel,2024-12-04T02:45:15Z,202412030DEN,eaf04a3044de875dc6c83132d04ae9f6,2024-12-04 02:45:16.563756+00:00
Stephen Curry,8.5,fanduel,2024-12-04T02:45:15Z,202412030DEN,eaf04a3044de875dc6c83132d04ae9f6,2024-12-04 02:45:16.563756+00:00
Aaron Gordon,8.5,fanduel,2024-12-04T02:45:15Z,202412030DEN,eaf04a3044de875dc6c83132d04ae9f6,2024-12-04 02:45:16.563756+00:00
Kevon Looney,11.0,fanduel,2024-12-04T02:45:15Z,202412030DEN,eaf04a3044de875dc6c83132d04ae9f6,2024-12-04 02:45:16.563756+00:00
Christian Braun,11.0,fanduel,2024-12-04T02:45:15Z,202412030DEN,eaf04a3044de875dc6c83132d04ae9f6,2024-12-04 02:45:16.563756+00:00
Jonathan Kuminga,11.0,fanduel,2024-12-04T02:45:15Z,202412030DEN,eaf04a3044de875dc6c83132d04ae9f6,2024-12-04 02:45:16.563756+00:00
Brandin Podziemski,20.0,fanduel,2024-12-04T02:45:15Z,202412030DEN,eaf04a3044de875dc6c83132d04ae9f6,2024-12-04 02:45:16.563756+00:00
Christian Braun,9.0,betrivers,2024-12-04T02:45:03Z,202412030DEN,eaf04a3044de875dc6c83132d04ae9f6,2024-12-04 02:45:16.563756+00:00
Nikola Jokic,5.0,betrivers,2024-12-04T02:45:03Z,202412030DEN,eaf04a3044de875dc6c83132d04ae9f6,2024-12-04 02:45:16.563756+00:00
Jamal Murray,6.5,betrivers,2024-12-04T02:45:03Z,202412030DEN,eaf04a3044de875dc6c83132d04ae9f6,2024-12-04 02:45:16.563756+00:00
Michael Porter Jr,9.0,betrivers,2024-12-04T02:45:03Z,202412030DEN,eaf04a3044de875dc6c83132d04ae9f6,2024-12-04 02:45:16.563756+00:00
Peyton Watson,11.0,betrivers,2024-12-04T02:45:03Z,202412030DEN,eaf04a3044de875dc6c83132d04ae9f6,2024-12-04 02:45:16.563756+00:00
Stephen Curry,8.0,betrivers,2024-12-04T02:45:03Z,202412030DEN,eaf04a3044de875dc6c83132d04ae9f6,2024-12-04 02:45:16.563756+00:00
Jonathan Kuminga,9.5,betrivers,2024-12-04T02:45:03Z,202412030DEN,eaf04a3044de875dc6c83132d04ae9f6,2024-12-04 02:45:16.563756+00:00
Kevon Looney,10.0,betrivers,2024-12-04T02:45:03Z,202412030DEN,eaf04a3044de875dc6c83132d04ae9f6,2024-12-04 02:45:16.563756+00:00
Brandin Podziemski,15.0,betrivers,2024-12-04T02:45:03Z,202412030DEN,eaf04a3044de875dc6c83132d04ae9f6,2024-12-04 02:45:16.563756+00:00
Andrew Wiggins,8.5,betrivers,2024-12-04T02:45:03Z,202412030DEN,eaf04a3044de875dc6c83132d04ae9f6,2024-12-04 02:45:16.563756+00:00
Nikola Jokic,4.75,bovada,2024-12-04T02:45:11Z,202412030DEN,eaf04a3044de875dc6c83132d04ae9f6,2024-12-04 02:45:16.563756+00:00
Jamal Murray,6.5,bovada,2024-12-04T02:45:11Z,202412030DEN,eaf04a3044de875dc6c83132d04ae9f6,2024-12-04 02:45:16.563756+00:00
Stephen Curry,7.5,bovada,2024-12-04T02:45:11Z,202412030DEN,eaf04a3044de875dc6c83132d04ae9f6,2024-12-04 02:45:16.563756+00:00
Andrew Wiggins,8.0,bovada,2024-12-04T02:45:11Z,202412030DEN,eaf04a3044de875dc6c83132d04ae9f6,2024-12-04 02:45:16.563756+00:00
Christian Braun,9.0,bovada,2024-12-04T02:45:11Z,202412030DEN,eaf04a3044de875dc6c83132d04ae9f6,2024-12-04 02:45:16.563756+00:00
Michael Porter Jr,9.5,bovada,2024-12-04T02:45:11Z,202412030DEN,eaf04a3044de875dc6c83132d04ae9f6,2024-12-04 02:45:16.563756+00:00
Jonathan Kuminga,10.0,bovada,2024-12-04T02:45:11Z,202412030DEN,eaf04a3044de875dc6c83132d04ae9f6,2024-12-04 02:45:16.563756+00:00
Peyton Watson,13.0,bovada,2024-12-04T02:45:11Z,202412030DEN,eaf04a3044de875dc6c83132d04ae9f6,2024-12-04 02:45:16.563756+00:00
Trayce Jackson-Davis,15.0,bovada,2024-12-04T02:45:11Z,202412030DEN,eaf04a3044de875dc6c83132d04ae9f6,2024-12-04 02:45:16.563756+00:00
Brandin Podziemski,15.0,bovada,2024-12-04T02:45:11Z,202412030DEN,eaf04a3044de875dc6c83132d04ae9f6,2024-12-04 02:45:16.563756+00:00
Alperen Sengun,5.75,draftkings,2024-12-04T02:44:56Z,202412030SAC,30f75d85c74e0811f06c0fbe86044f54,2024-12-04 02:45:16.619025+00:00
De'Aaron Fox,6.5,draftkings,2024-12-04T02:44:56Z,202412030SAC,30f75d85c74e0811f06c0fbe86044f54,2024-12-04 02:45:16.619025+00:00
Domantas Sabonis,7.5,draftkings,2024-12-04T02:44:56Z,202412030SAC,30f75d85c74e0811f06c0fbe86044f54,2024-12-04 02:45:16.619025+00:00
Jalen Green,8.0,draftkings,2024-12-04T02:44:56Z,202412030SAC,30f75d85c74e0811f06c0fbe86044f54,2024-12-04 02:45:16.619025+00:00
Fred VanVleet,8.0,draftkings,2024-12-04T02:44:56Z,202412030SAC,30f75d85c74e0811f06c0fbe86044f54,2024-12-04 02:45:16.619025+00:00
Dillon Brooks,8.5,draftkings,2024-12-04T02:44:56Z,202412030SAC,30f75d85c74e0811f06c0fbe86044f54,2024-12-04 02:45:16.619025+00:00
Jabari Smith Jr,9.0,draftkings,2024-12-04T02:44:56Z,202412030SAC,30f75d85c74e0811f06c0fbe86044f54,2024-12-04 02:45:16.619025+00:00
Keegan Murray,10.5,draftkings,2024-12-04T02:44:56Z,202412030SAC,30f75d85c74e0811f06c0fbe86044f54,2024-12-04 02:45:16.619025+00:00
DeMar DeRozan,10.5,draftkings,2024-12-04T02:44:56Z,202412030SAC,30f75d85c74e0811f06c0fbe86044f54,2024-12-04 02:45:16.619025+00:00
Malik Monk,12.0,draftkings,2024-12-04T02:44:56Z,202412030SAC,30f75d85c74e0811f06c0fbe86044f54,2024-12-04 02:45:16.619025+00:00
Alperen Sengun,6.0,fanduel,2024-12-04T02:44:25Z,202412030SAC,30f75d85c74e0811f06c0fbe86044f54,2024-12-04 02:45:16.619025+00:00
Jalen Green,7.0,fanduel,2024-12-04T02:44:25Z,202412030SAC,30f75d85c74e0811f06c0fbe86044f54,2024-12-04 02:45:16.619025+00:00
De'Aaron Fox,8.0,fanduel,2024-12-04T02:44:25Z,202412030SAC,30f75d85c74e0811f06c0fbe86044f54,2024-12-04 02:45:16.619025+00:00
DeMar DeRozan,8.5,fanduel,2024-12-04T02:44:25Z,202412030SAC,30f75d85c74e0811f06c0fbe86044f54,2024-12-04 02:45:16.619025+00:00
Dillon Brooks,8.5,fanduel,2024-12-04T02:44:25Z,202412030SAC,30f75d85c74e0811f06c0fbe86044f54,2024-12-04 02:45:16.619025+00:00
Domantas Sabonis,9.0,fanduel,2024-12-04T02:44:25Z,202412030SAC,30f75d85c74e0811f06c0fbe86044f54,2024-12-04 02:45:16.619025+00:00
Fred VanVleet,9.0,fanduel,2024-12-04T02:44:25Z,202412030SAC,30f75d85c74e0811f06c0fbe86044f54,2024-12-04 02:45:16.619025+00:00
Jabari Smith Jr,9.5,fanduel,2024-12-04T02:44:25Z,202412030SAC,30f75d85c74e0811f06c0fbe86044f54,2024-12-04 02:45:16.619025+00:00
Malik Monk,11.0,fanduel,2024-12-04T02:44:25Z,202412030SAC,30f75d85c74e0811f06c0fbe86044f54,2024-12-04 02:45:16.619025+00:00
Keegan Murray,11.0,fanduel,2024-12-04T02:44:25Z,202412030SAC,30f75d85c74e0811f06c0fbe86044f54,2024-12-04 02:45:16.619025+00:00
DeMar DeRozan,11.0,betrivers,2024-12-04T02:45:14Z,202412030SAC,30f75d85c74e0811f06c0fbe86044f54,2024-12-04 02:45:16.619025+00:00
De'Aaron Fox,8.0,betrivers,2024-12-04T02:45:14Z,202412030SAC,30f75d85c74e0811f06c0fbe86044f54,2024-12-04 02:45:16.619025+00:00
Malik Monk,11.0,betrivers,2024-12-04T02:45:14Z,202412030SAC,30f75d85c74e0811f06c0fbe86044f54,2024-12-04 02:45:16.619025+00:00
Keegan Murray,11.0,betrivers,2024-12-04T02:45:14Z,202412030SAC,30f75d85c74e0811f06c0fbe86044f54,2024-12-04 02:45:16.619025+00:00
Domantas Sabonis,8.0,betrivers,2024-12-04T02:45:14Z,202412030SAC,30f75d85c74e0811f06c0fbe86044f54,2024-12-04 02:45:16.619025+00:00
Dillon Brooks,9.0,betrivers,2024-12-04T02:45:14Z,202412030SAC,30f75d85c74e0811f06c0fbe86044f54,2024-12-04 02:45:16.619025+00:00
Jalen Green,7.0,betrivers,2024-12-04T02:45:14Z,202412030SAC,30f75d85c74e0811f06c0fbe86044f54,2024-12-04 02:45:16.619025+00:00
Alperen Sengun,6.0,betrivers,2024-12-04T02:45:14Z,202412030SAC,30f75d85c74e0811f06c0fbe86044f54,2024-12-04 02:45:16.619025+00:00
Jabari Smith Jr,10.0,betrivers,2024-12-04T02:45:14Z,202412030SAC,30f75d85c74e0811f06c0fbe86044f54,2024-12-04 02:45:16.619025+00:00
Fred VanVleet,9.0,betrivers,2024-12-04T02:45:14Z,202412030SAC,30f75d85c74e0811f06c0fbe86044f54,2024-12-04 02:45:16.619025+00:00
Alperen Sengun,6.0,bovada,2024-12-04T02:44:15Z,202412030SAC,30f75d85c74e0811f06c0fbe86044f54,2024-12-04 02:45:16.619025+00:00
Domantas Sabonis,7.5,bovada,2024-12-04T02:44:15Z,202412030SAC,30f75d85c74e0811f06c0fbe86044f54,2024-12-04 02:45:16.619025+00:00
Jalen Green,7.5,bovada,2024-12-04T02:44:15Z,202412030SAC,30f75d85c74e0811f06c0fbe86044f54,2024-12-04 02:45:16.619025+00:00
De'Aaron Fox,8.0,bovada,2024-12-04T02:44:15Z,202412030SAC,30f75d85c74e0811f06c0fbe86044f54,2024-12-04 02:45:16.619025+00:00
Dillon Brooks,8.5,bovada,2024-12-04T02:44:15Z,202412030SAC,30f75d85c74e0811f06c0fbe86044f54,2024-12-04 02:45:16.619025+00:00
Fred VanVleet,9.0,bovada,2024-12-04T02:44:15Z,202412030SAC,30f75d85c74e0811f06c0fbe86044f54,2024-12-04 02:45:16.619025+00:00
Jabari Smith Jr,9.0,bovada,2024-12-04T02:44:15Z,202412030SAC,30f75d85c74e0811f06c0fbe86044f54,2024-12-04 02:45:16.619025+00:00
Keegan Murray,11.0,bovada,2024-12-04T02:44:15Z,202412030SAC,30f75d85c74e0811f06c0fbe86044f54,2024-12-04 02:45:16.619025+00:00
DeMar DeRozan,11.0,bovada,2024-12-04T02:44:15Z,202412030SAC,30f75d85c74e0811f06c0fbe86044f54,2024-12-04 02:45:16.619025+00:00
Malik Monk,11.0,bovada,2024-12-04T02:44:15Z,202412030SAC,30f75d85c74e0811f06c0fbe86044f54,2024-12-04 02:45:16.619025+00:00
Deandre Ayton,4.9,draftkings,2024-12-04T03:12:32Z,202412030LAC,e707fb0dc8825d51e20056a4bcaa4fa8,2024-12-04 03:12:39.704266+00:00
Ivica Zubac,5.25,draftkings,2024-12-04T03:12:32Z,202412030LAC,e707fb0dc8825d51e20056a4bcaa4fa8,2024-12-04 03:12:39.704266+00:00
Norman Powell,7.0,draftkings,2024-12-04T03:12:32Z,202412030LAC,e707fb0dc8825d51e20056a4bcaa4fa8,2024-12-04 03:12:39.704266+00:00
James Harden,7.0,draftkings,2024-12-04T03:12:32Z,202412030LAC,e707fb0dc8825d51e20056a4bcaa4fa8,2024-12-04 03:12:39.704266+00:00
Jerami Grant,7.0,draftkings,2024-12-04T03:12:32Z,202412030LAC,e707fb0dc8825d51e20056a4bcaa4fa8,2024-12-04 03:12:39.704266+00:00
Anfernee Simons,7.5,draftkings,2024-12-04T03:12:32Z,202412030LAC,e707fb0dc8825d51e20056a4bcaa4fa8,2024-12-04 03:12:39.704266+00:00
Shaedon Sharpe,8.0,draftkings,2024-12-04T03:12:32Z,202412030LAC,e707fb0dc8825d51e20056a4bcaa4fa8,2024-12-04 03:12:39.704266+00:00
Derrick Jones,11.0,draftkings,2024-12-04T03:12:32Z,202412030LAC,e707fb0dc8825d51e20056a4bcaa4fa8,2024-12-04 03:12:39.704266+00:00
Toumani Camara,13.0,draftkings,2024-12-04T03:12:32Z,202412030LAC,e707fb0dc8825d51e20056a4bcaa4fa8,2024-12-04 03:12:39.704266+00:00
Kris Dunn,14.0,draftkings,2024-12-04T03:12:32Z,202412030LAC,e707fb0dc8825d51e20056a4bcaa4fa8,2024-12-04 03:12:39.704266+00:00
Deandre Ayton,5.9,fanduel,2024-12-04T03:12:22Z,202412030LAC,e707fb0dc8825d51e20056a4bcaa4fa8,2024-12-04 03:12:39.704266+00:00
Ivica Zubac,7.0,fanduel,2024-12-04T03:12:22Z,202412030LAC,e707fb0dc8825d51e20056a4bcaa4fa8,2024-12-04 03:12:39.704266+00:00
James Harden,7.5,fanduel,2024-12-04T03:12:22Z,202412030LAC,e707fb0dc8825d51e20056a4bcaa4fa8,2024-12-04 03:12:39.704266+00:00
Anfernee Simons,7.5,fanduel,2024-12-04T03:12:22Z,202412030LAC,e707fb0dc8825d51e20056a4bcaa4fa8,2024-12-04 03:12:39.704266+00:00
Jerami Grant,8.5,fanduel,2024-12-04T03:12:22Z,202412030LAC,e707fb0dc8825d51e20056a4bcaa4fa8,2024-12-04 03:12:39.704266+00:00
Norman Powell,8.5,fanduel,2024-12-04T03:12:22Z,202412030LAC,e707fb0dc8825d51e20056a4bcaa4fa8,2024-12-04 03:12:39.704266+00:00
Shaedon Sharpe,8.5,fanduel,2024-12-04T03:12:22Z,202412030LAC,e707fb0dc8825d51e20056a4bcaa4fa8,2024-12-04 03:12:39.704266+00:00
Toumani Camara,12.0,fanduel,2024-12-04T03:12:22Z,202412030LAC,e707fb0dc8825d51e20056a4bcaa4fa8,2024-12-04 03:12:39.704266+00:00
Derrick Jones,13.0,fanduel,2024-12-04T03:12:22Z,202412030LAC,e707fb0dc8825d51e20056a4bcaa4fa8,2024-12-04 03:12:39.704266+00:00
Kris Dunn,14.0,fanduel,2024-12-04T03:12:22Z,202412030LAC,e707fb0dc8825d51e20056a4bcaa4fa8,2024-12-04 03:12:39.704266+00:00
Kris Dunn,12.0,betrivers,2024-12-04T03:11:40Z,202412030LAC,e707fb0dc8825d51e20056a4bcaa4fa8,2024-12-04 03:12:39.704266+00:00
James Harden,8.0,betrivers,2024-12-04T03:11:40Z,202412030LAC,e707fb0dc8825d51e20056a4bcaa4fa8,2024-12-04 03:12:39.704266+00:00
Derrick Jones,12.0,betrivers,2024-12-04T03:11:40Z,202412030LAC,e707fb0dc8825d51e20056a4bcaa4fa8,2024-12-04 03:12:39.704266+00:00
Norman Powell,9.0,betrivers,2024-12-04T03:11:40Z,202412030LAC,e707fb0dc8825d51e20056a4bcaa4fa8,2024-12-04 03:12:39.704266+00:00
Ivica Zubac,7.5,betrivers,2024-12-04T03:11:40Z,202412030LAC,e707fb0dc8825d51e20056a4bcaa4fa8,2024-12-04 03:12:39.704266+00:00
Deandre Ayton,5.5,betrivers,2024-12-04T03:11:40Z,202412030LAC,e707fb0dc8825d51e20056a4bcaa4fa8,2024-12-04 03:12:39.704266+00:00
Toumani Camara,13.0,betrivers,2024-12-04T03:11:40Z,202412030LAC,e707fb0dc8825d51e20056a4bcaa4fa8,2024-12-04 03:12:39.704266+00:00
Jerami Grant,9.5,betrivers,2024-12-04T03:11:40Z,202412030LAC,e707fb0dc8825d51e20056a4bcaa4fa8,2024-12-04 03:12:39.704266+00:00
Shaedon Sharpe,8.0,betrivers,2024-12-04T03:11:40Z,202412030LAC,e707fb0dc8825d51e20056a4bcaa4fa8,2024-12-04 03:12:39.704266+00:00
Anfernee Simons,7.5,betrivers,2024-12-04T03:11:40Z,202412030LAC,e707fb0dc8825d51e20056a4bcaa4fa8,2024-12-04 03:12:39.704266+00:00
Deandre Ayton,5.5,bovada,2024-12-04T03:12:12Z,202412030LAC,e707fb0dc8825d51e20056a4bcaa4fa8,2024-12-04 03:12:39.704266+00:00
Ivica Zubac,7.0,bovada,2024-12-04T03:12:12Z,202412030LAC,e707fb0dc8825d51e20056a4bcaa4fa8,2024-12-04 03:12:39.704266+00:00
Jerami Grant,8.0,bovada,2024-12-04T03:12:12Z,202412030LAC,e707fb0dc8825d51e20056a4bcaa4fa8,2024-12-04 03:12:39.704266+00:00
James Harden,8.0,bovada,2024-12-04T03:12:12Z,202412030LAC,e707fb0dc8825d51e20056a4bcaa4fa8,2024-12-04 03:12:39.704266+00:00
Anfernee Simons,8.0,bovada,2024-12-04T03:12:12Z,202412030LAC,e707fb0dc8825d51e20056a4bcaa4fa8,2024-12-04 03:12:39.704266+00:00
Shaedon Sharpe,8.5,bovada,2024-12-04T03:12:12Z,202412030LAC,e707fb0dc8825d51e20056a4bcaa4fa8,2024-12-04 03:12:39.704266+00:00
Norman Powell,9.0,bovada,2024-12-04T03:12:12Z,202412030LAC,e707fb0dc8825d51e20056a4bcaa4fa8,2024-12-04 03:12:39.704266+00:00
Derrick Jones,13.0,bovada,2024-12-04T03:12:12Z,202412030LAC,e707fb0dc8825d51e20056a4bcaa4fa8,2024-12-04 03:12:39.704266+00:00
Toumani Camara,14.0,bovada,2024-12-04T03:12:12Z,202412030LAC,e707fb0dc8825d51e20056a4bcaa4fa8,2024-12-04 03:12:39.704266+00:00
Kris Dunn,14.0,bovada,2024-12-04T03:12:12Z,202412030LAC,e707fb0dc8825d51e20056a4bcaa4fa8,2024-12-04 03:12:39.704266+00:00
Deandre Ayton,4.9,draftkings,2024-12-04T03:28:53Z,202412030LAC,e707fb0dc8825d51e20056a4bcaa4fa8,2024-12-04 03:29:45.059222+00:00
Ivica Zubac,5.25,draftkings,2024-12-04T03:28:53Z,202412030LAC,e707fb0dc8825d51e20056a4bcaa4fa8,2024-12-04 03:29:45.059222+00:00
Norman Powell,7.0,draftkings,2024-12-04T03:28:53Z,202412030LAC,e707fb0dc8825d51e20056a4bcaa4fa8,2024-12-04 03:29:45.059222+00:00
James Harden,7.0,draftkings,2024-12-04T03:28:53Z,202412030LAC,e707fb0dc8825d51e20056a4bcaa4fa8,2024-12-04 03:29:45.059222+00:00
Jerami Grant,7.0,draftkings,2024-12-04T03:28:53Z,202412030LAC,e707fb0dc8825d51e20056a4bcaa4fa8,2024-12-04 03:29:45.059222+00:00
Anfernee Simons,7.5,draftkings,2024-12-04T03:28:53Z,202412030LAC,e707fb0dc8825d51e20056a4bcaa4fa8,2024-12-04 03:29:45.059222+00:00
Shaedon Sharpe,8.0,draftkings,2024-12-04T03:28:53Z,202412030LAC,e707fb0dc8825d51e20056a4bcaa4fa8,2024-12-04 03:29:45.059222+00:00
Derrick Jones,11.0,draftkings,2024-12-04T03:28:53Z,202412030LAC,e707fb0dc8825d51e20056a4bcaa4fa8,2024-12-04 03:29:45.059222+00:00
Toumani Camara,13.0,draftkings,2024-12-04T03:28:53Z,202412030LAC,e707fb0dc8825d51e20056a4bcaa4fa8,2024-12-04 03:29:45.059222+00:00
Kris Dunn,14.0,draftkings,2024-12-04T03:28:53Z,202412030LAC,e707fb0dc8825d51e20056a4bcaa4fa8,2024-12-04 03:29:45.059222+00:00
Deandre Ayton,6.0,fanduel,2024-12-04T03:29:44Z,202412030LAC,e707fb0dc8825d51e20056a4bcaa4fa8,2024-12-04 03:29:45.059222+00:00
Ivica Zubac,7.0,fanduel,2024-12-04T03:29:44Z,202412030LAC,e707fb0dc8825d51e20056a4bcaa4fa8,2024-12-04 03:29:45.059222+00:00
James Harden,7.5,fanduel,2024-12-04T03:29:44Z,202412030LAC,e707fb0dc8825d51e20056a4bcaa4fa8,2024-12-04 03:29:45.059222+00:00
Anfernee Simons,7.5,fanduel,2024-12-04T03:29:44Z,202412030LAC,e707fb0dc8825d51e20056a4bcaa4fa8,2024-12-04 03:29:45.059222+00:00
Norman Powell,8.0,fanduel,2024-12-04T03:29:44Z,202412030LAC,e707fb0dc8825d51e20056a4bcaa4fa8,2024-12-04 03:29:45.059222+00:00
Jerami Grant,8.5,fanduel,2024-12-04T03:29:44Z,202412030LAC,e707fb0dc8825d51e20056a4bcaa4fa8,2024-12-04 03:29:45.059222+00:00
Shaedon Sharpe,8.5,fanduel,2024-12-04T03:29:44Z,202412030LAC,e707fb0dc8825d51e20056a4bcaa4fa8,2024-12-04 03:29:45.059222+00:00
Toumani Camara,12.0,fanduel,2024-12-04T03:29:44Z,202412030LAC,e707fb0dc8825d51e20056a4bcaa4fa8,2024-12-04 03:29:45.059222+00:00
Derrick Jones,13.0,fanduel,2024-12-04T03:29:44Z,202412030LAC,e707fb0dc8825d51e20056a4bcaa4fa8,2024-12-04 03:29:45.059222+00:00
Kris Dunn,15.0,fanduel,2024-12-04T03:29:44Z,202412030LAC,e707fb0dc8825d51e20056a4bcaa4fa8,2024-12-04 03:29:45.059222+00:00
Kris Dunn,12.0,betrivers,2024-12-04T03:28:54Z,202412030LAC,e707fb0dc8825d51e20056a4bcaa4fa8,2024-12-04 03:29:45.059222+00:00
James Harden,8.0,betrivers,2024-12-04T03:28:54Z,202412030LAC,e707fb0dc8825d51e20056a4bcaa4fa8,2024-12-04 03:29:45.059222+00:00
Derrick Jones,12.0,betrivers,2024-12-04T03:28:54Z,202412030LAC,e707fb0dc8825d51e20056a4bcaa4fa8,2024-12-04 03:29:45.059222+00:00
Norman Powell,9.0,betrivers,2024-12-04T03:28:54Z,202412030LAC,e707fb0dc8825d51e20056a4bcaa4fa8,2024-12-04 03:29:45.059222+00:00
Ivica Zubac,7.5,betrivers,2024-12-04T03:28:54Z,202412030LAC,e707fb0dc8825d51e20056a4bcaa4fa8,2024-12-04 03:29:45.059222+00:00
Deandre Ayton,5.5,betrivers,2024-12-04T03:28:54Z,202412030LAC,e707fb0dc8825d51e20056a4bcaa4fa8,2024-12-04 03:29:45.059222+00:00
Toumani Camara,13.0,betrivers,2024-12-04T03:28:54Z,202412030LAC,e707fb0dc8825d51e20056a4bcaa4fa8,2024-12-04 03:29:45.059222+00:00
Jerami Grant,9.5,betrivers,2024-12-04T03:28:54Z,202412030LAC,e707fb0dc8825d51e20056a4bcaa4fa8,2024-12-04 03:29:45.059222+00:00
Shaedon Sharpe,8.0,betrivers,2024-12-04T03:28:54Z,202412030LAC,e707fb0dc8825d51e20056a4bcaa4fa8,2024-12-04 03:29:45.059222+00:00
Anfernee Simons,7.5,betrivers,2024-12-04T03:28:54Z,202412030LAC,e707fb0dc8825d51e20056a4bcaa4fa8,2024-12-04 03:29:45.059222+00:00
Deandre Ayton,5.5,bovada,2024-12-04T03:29:31Z,202412030LAC,e707fb0dc8825d51e20056a4bcaa4fa8,2024-12-04 03:29:45.059222+00:00
Ivica Zubac,7.0,bovada,2024-12-04T03:29:31Z,202412030LAC,e707fb0dc8825d51e20056a4bcaa4fa8,2024-12-04 03:29:45.059222+00:00
Jerami Grant,8.0,bovada,2024-12-04T03:29:31Z,202412030LAC,e707fb0dc8825d51e20056a4bcaa4fa8,2024-12-04 03:29:45.059222+00:00
James Harden,8.0,bovada,2024-12-04T03:29:31Z,202412030LAC,e707fb0dc8825d51e20056a4bcaa4fa8,2024-12-04 03:29:45.059222+00:00
Anfernee Simons,8.0,bovada,2024-12-04T03:29:31Z,202412030LAC,e707fb0dc8825d51e20056a4bcaa4fa8,2024-12-04 03:29:45.059222+00:00
Shaedon Sharpe,8.5,bovada,2024-12-04T03:29:31Z,202412030LAC,e707fb0dc8825d51e20056a4bcaa4fa8,2024-12-04 03:29:45.059222+00:00
Norman Powell,9.0,bovada,2024-12-04T03:29:31Z,202412030LAC,e707fb0dc8825d51e20056a4bcaa4fa8,2024-12-04 03:29:45.059222+00:00
Derrick Jones,13.0,bovada,2024-12-04T03:29:31Z,202412030LAC,e707fb0dc8825d51e20056a4bcaa4fa8,2024-12-04 03:29:45.059222+00:00
Toumani Camara,14.0,bovada,2024-12-04T03:29:31Z,202412030LAC,e707fb0dc8825d51e20056a4bcaa4fa8,2024-12-04 03:29:45.059222+00:00
Kris Dunn,14.0,bovada,2024-12-04T03:29:31Z,202412030LAC,e707fb0dc8825d51e20056a4bcaa4fa8,2024-12-04 03:29:45.059222+00:00
Donovan Mitchell,5.4,fanduel,2024-12-05T23:34:44Z,202412050CLE,ca4bb2d50c5d55cf031d8cad02d92b7a,2024-12-05 23:35:21.570006+00:00
Nikola Jokic,7.0,fanduel,2024-12-05T23:34:44Z,202412050CLE,ca4bb2d50c5d55cf031d8cad02d92b7a,2024-12-05 23:35:21.570006+00:00
Jarrett Allen,7.0,fanduel,2024-12-05T23:34:44Z,202412050CLE,ca4bb2d50c5d55cf031d8cad02d92b7a,2024-12-05 23:35:21.570006+00:00
Evan Mobley,7.0,fanduel,2024-12-05T23:34:44Z,202412050CLE,ca4bb2d50c5d55cf031d8cad02d92b7a,2024-12-05 23:35:21.570006+00:00
Darius Garland,7.5,fanduel,2024-12-05T23:34:44Z,202412050CLE,ca4bb2d50c5d55cf031d8cad02d92b7a,2024-12-05 23:35:21.570006+00:00
Michael Porter Jr,10.5,fanduel,2024-12-05T23:34:44Z,202412050CLE,ca4bb2d50c5d55cf031d8cad02d92b7a,2024-12-05 23:35:21.570006+00:00
Jamal Murray,11.0,fanduel,2024-12-05T23:34:44Z,202412050CLE,ca4bb2d50c5d55cf031d8cad02d92b7a,2024-12-05 23:35:21.570006+00:00
Christian Braun,12.0,fanduel,2024-12-05T23:34:44Z,202412050CLE,ca4bb2d50c5d55cf031d8cad02d92b7a,2024-12-05 23:35:21.570006+00:00
Aaron Gordon,15.0,fanduel,2024-12-05T23:34:44Z,202412050CLE,ca4bb2d50c5d55cf031d8cad02d92b7a,2024-12-05 23:35:21.570006+00:00
Isaac Okoro,17.0,fanduel,2024-12-05T23:34:44Z,202412050CLE,ca4bb2d50c5d55cf031d8cad02d92b7a,2024-12-05 23:35:21.570006+00:00
Donovan Mitchell,5.75,draftkings,2024-12-05T23:34:38Z,202412050CLE,ca4bb2d50c5d55cf031d8cad02d92b7a,2024-12-05 23:35:21.570006+00:00
Jarrett Allen,6.0,draftkings,2024-12-05T23:34:38Z,202412050CLE,ca4bb2d50c5d55cf031d8cad02d92b7a,2024-12-05 23:35:21.570006+00:00
Nikola Jokic,6.0,draftkings,2024-12-05T23:34:38Z,202412050CLE,ca4bb2d50c5d55cf031d8cad02d92b7a,2024-12-05 23:35:21.570006+00:00
Darius Garland,7.0,draftkings,2024-12-05T23:34:38Z,202412050CLE,ca4bb2d50c5d55cf031d8cad02d92b7a,2024-12-05 23:35:21.570006+00:00
Evan Mobley,7.5,draftkings,2024-12-05T23:34:38Z,202412050CLE,ca4bb2d50c5d55cf031d8cad02d92b7a,2024-12-05 23:35:21.570006+00:00
Aaron Gordon,8.0,draftkings,2024-12-05T23:34:38Z,202412050CLE,ca4bb2d50c5d55cf031d8cad02d92b7a,2024-12-05 23:35:21.570006+00:00
Jamal Murray,9.5,draftkings,2024-12-05T23:34:38Z,202412050CLE,ca4bb2d50c5d55cf031d8cad02d92b7a,2024-12-05 23:35:21.570006+00:00
Michael Porter Jr,9.5,draftkings,2024-12-05T23:34:38Z,202412050CLE,ca4bb2d50c5d55cf031d8cad02d92b7a,2024-12-05 23:35:21.570006+00:00
Christian Braun,12.0,draftkings,2024-12-05T23:34:38Z,202412050CLE,ca4bb2d50c5d55cf031d8cad02d92b7a,2024-12-05 23:35:21.570006+00:00
Isaac Okoro,18.0,draftkings,2024-12-05T23:34:38Z,202412050CLE,ca4bb2d50c5d55cf031d8cad02d92b7a,2024-12-05 23:35:21.570006+00:00
Jarrett Allen,7.0,betrivers,2024-12-05T23:34:32Z,202412050CLE,ca4bb2d50c5d55cf031d8cad02d92b7a,2024-12-05 23:35:21.570006+00:00
Darius Garland,7.0,betrivers,2024-12-05T23:34:32Z,202412050CLE,ca4bb2d50c5d55cf031d8cad02d92b7a,2024-12-05 23:35:21.570006+00:00
Donovan Mitchell,5.5,betrivers,2024-12-05T23:34:32Z,202412050CLE,ca4bb2d50c5d55cf031d8cad02d92b7a,2024-12-05 23:35:21.570006+00:00
Evan Mobley,7.0,betrivers,2024-12-05T23:34:32Z,202412050CLE,ca4bb2d50c5d55cf031d8cad02d92b7a,2024-12-05 23:35:21.570006+00:00
Isaac Okoro,15.0,betrivers,2024-12-05T23:34:32Z,202412050CLE,ca4bb2d50c5d55cf031d8cad02d92b7a,2024-12-05 23:35:21.570006+00:00
Christian Braun,13.0,betrivers,2024-12-05T23:34:32Z,202412050CLE,ca4bb2d50c5d55cf031d8cad02d92b7a,2024-12-05 23:35:21.570006+00:00
Aaron Gordon,11.0,betrivers,2024-12-05T23:34:32Z,202412050CLE,ca4bb2d50c5d55cf031d8cad02d92b7a,2024-12-05 23:35:21.570006+00:00
Nikola Jokic,6.0,betrivers,2024-12-05T23:34:32Z,202412050CLE,ca4bb2d50c5d55cf031d8cad02d92b7a,2024-12-05 23:35:21.570006+00:00
Jamal Murray,10.0,betrivers,2024-12-05T23:34:32Z,202412050CLE,ca4bb2d50c5d55cf031d8cad02d92b7a,2024-12-05 23:35:21.570006+00:00
Michael Porter Jr,11.0,betrivers,2024-12-05T23:34:32Z,202412050CLE,ca4bb2d50c5d55cf031d8cad02d92b7a,2024-12-05 23:35:21.570006+00:00
Donovan Mitchell,5.5,bovada,2024-12-05T23:35:21Z,202412050CLE,ca4bb2d50c5d55cf031d8cad02d92b7a,2024-12-05 23:35:21.570006+00:00
Nikola Jokic,6.0,bovada,2024-12-05T23:35:21Z,202412050CLE,ca4bb2d50c5d55cf031d8cad02d92b7a,2024-12-05 23:35:21.570006+00:00
Jarrett Allen,6.0,bovada,2024-12-05T23:35:21Z,202412050CLE,ca4bb2d50c5d55cf031d8cad02d92b7a,2024-12-05 23:35:21.570006+00:00
Evan Mobley,6.0,bovada,2024-12-05T23:35:21Z,202412050CLE,ca4bb2d50c5d55cf031d8cad02d92b7a,2024-12-05 23:35:21.570006+00:00
Darius Garland,7.5,bovada,2024-12-05T23:35:21Z,202412050CLE,ca4bb2d50c5d55cf031d8cad02d92b7a,2024-12-05 23:35:21.570006+00:00
Jamal Murray,10.0,bovada,2024-12-05T23:35:21Z,202412050CLE,ca4bb2d50c5d55cf031d8cad02d92b7a,2024-12-05 23:35:21.570006+00:00
Michael Porter Jr,11.0,bovada,2024-12-05T23:35:21Z,202412050CLE,ca4bb2d50c5d55cf031d8cad02d92b7a,2024-12-05 23:35:21.570006+00:00
Aaron Gordon,13.0,bovada,2024-12-05T23:35:21Z,202412050CLE,ca4bb2d50c5d55cf031d8cad02d92b7a,2024-12-05 23:35:21.570006+00:00
Christian Braun,15.0,bovada,2024-12-05T23:35:21Z,202412050CLE,ca4bb2d50c5d55cf031d8cad02d92b7a,2024-12-05 23:35:21.570006+00:00
Isaac Okoro,16.0,bovada,2024-12-05T23:35:21Z,202412050CLE,ca4bb2d50c5d55cf031d8cad02d92b7a,2024-12-05 23:35:21.570006+00:00
Luka Doncic,5.9,fanduel,2024-12-05T23:34:56Z,202412050WAS,40960b0e939d16dfb5565e4b010eb92e,2024-12-05 23:35:21.744564+00:00
Kyrie Irving,7.5,fanduel,2024-12-05T23:34:56Z,202412050WAS,40960b0e939d16dfb5565e4b010eb92e,2024-12-05 23:35:21.744564+00:00
Jordan Poole,7.5,fanduel,2024-12-05T23:34:56Z,202412050WAS,40960b0e939d16dfb5565e4b010eb92e,2024-12-05 23:35:21.744564+00:00
Dereck Lively II,8.0,fanduel,2024-12-05T23:34:56Z,202412050WAS,40960b0e939d16dfb5565e4b010eb92e,2024-12-05 23:35:21.744564+00:00
Klay Thompson,9.5,fanduel,2024-12-05T23:34:56Z,202412050WAS,40960b0e939d16dfb5565e4b010eb92e,2024-12-05 23:35:21.744564+00:00
Alex Sarr,9.5,fanduel,2024-12-05T23:34:56Z,202412050WAS,40960b0e939d16dfb5565e4b010eb92e,2024-12-05 23:35:21.744564+00:00
Malcolm Brogdon,10.0,fanduel,2024-12-05T23:34:56Z,202412050WAS,40960b0e939d16dfb5565e4b010eb92e,2024-12-05 23:35:21.744564+00:00
P.J. Washington,10.5,fanduel,2024-12-05T23:34:56Z,202412050WAS,40960b0e939d16dfb5565e4b010eb92e,2024-12-05 23:35:21.744564+00:00
Bilal Coulibaly,12.0,fanduel,2024-12-05T23:34:56Z,202412050WAS,40960b0e939d16dfb5565e4b010eb92e,2024-12-05 23:35:21.744564+00:00
Luka Doncic,5.25,draftkings,2024-12-05T23:35:17Z,202412050WAS,40960b0e939d16dfb5565e4b010eb92e,2024-12-05 23:35:21.744564+00:00
Kyrie Irving,6.0,draftkings,2024-12-05T23:35:17Z,202412050WAS,40960b0e939d16dfb5565e4b010eb92e,2024-12-05 23:35:21.744564+00:00
Marvin Bagley III,7.5,draftkings,2024-12-05T23:35:17Z,202412050WAS,40960b0e939d16dfb5565e4b010eb92e,2024-12-05 23:35:21.744564+00:00
Malcolm Brogdon,8.5,draftkings,2024-12-05T23:35:17Z,202412050WAS,40960b0e939d16dfb5565e4b010eb92e,2024-12-05 23:35:21.744564+00:00
Jordan Poole,9.0,draftkings,2024-12-05T23:35:17Z,202412050WAS,40960b0e939d16dfb5565e4b010eb92e,2024-12-05 23:35:21.744564+00:00
Dereck Lively II,9.0,draftkings,2024-12-05T23:35:17Z,202412050WAS,40960b0e939d16dfb5565e4b010eb92e,2024-12-05 23:35:21.744564+00:00
Alex Sarr,9.5,draftkings,2024-12-05T23:35:17Z,202412050WAS,40960b0e939d16dfb5565e4b010eb92e,2024-12-05 23:35:21.744564+00:00
Klay Thompson,10.0,draftkings,2024-12-05T23:35:17Z,202412050WAS,40960b0e939d16dfb5565e4b010eb92e,2024-12-05 23:35:21.744564+00:00
P.J. Washington,10.0,draftkings,2024-12-05T23:35:17Z,202412050WAS,40960b0e939d16dfb5565e4b010eb92e,2024-12-05 23:35:21.744564+00:00
Bilal Coulibaly,13.0,draftkings,2024-12-05T23:35:17Z,202412050WAS,40960b0e939d16dfb5565e4b010eb92e,2024-12-05 23:35:21.744564+00:00
Malcolm Brogdon,9.0,betrivers,2024-12-05T23:35:16Z,202412050WAS,40960b0e939d16dfb5565e4b010eb92e,2024-12-05 23:35:21.744564+00:00
Bilal Coulibaly,11.0,betrivers,2024-12-05T23:35:16Z,202412050WAS,40960b0e939d16dfb5565e4b010eb92e,2024-12-05 23:35:21.744564+00:00
Jordan Poole,7.0,betrivers,2024-12-05T23:35:16Z,202412050WAS,40960b0e939d16dfb5565e4b010eb92e,2024-12-05 23:35:21.744564+00:00
Alex Sarr,10.0,betrivers,2024-12-05T23:35:16Z,202412050WAS,40960b0e939d16dfb5565e4b010eb92e,2024-12-05 23:35:21.744564+00:00
Jonas Valanciunas,8.0,betrivers,2024-12-05T23:35:16Z,202412050WAS,40960b0e939d16dfb5565e4b010eb92e,2024-12-05 23:35:21.744564+00:00
Luka Doncic,5.5,betrivers,2024-12-05T23:35:16Z,202412050WAS,40960b0e939d16dfb5565e4b010eb92e,2024-12-05 23:35:21.744564+00:00
Kyrie Irving,7.0,betrivers,2024-12-05T23:35:16Z,202412050WAS,40960b0e939d16dfb5565e4b010eb92e,2024-12-05 23:35:21.744564+00:00
Dereck Lively II,9.0,betrivers,2024-12-05T23:35:16Z,202412050WAS,40960b0e939d16dfb5565e4b010eb92e,2024-12-05 23:35:21.744564+00:00
Klay Thompson,10.0,betrivers,2024-12-05T23:35:16Z,202412050WAS,40960b0e939d16dfb5565e4b010eb92e,2024-12-05 23:35:21.744564+00:00
P.J. Washington,11.0,betrivers,2024-12-05T23:35:16Z,202412050WAS,40960b0e939d16dfb5565e4b010eb92e,2024-12-05 23:35:21.744564+00:00
Luka Doncic,5.75,bovada,2024-12-05T23:34:47Z,202412050WAS,40960b0e939d16dfb5565e4b010eb92e,2024-12-05 23:35:21.744564+00:00
Jordan Poole,7.5,bovada,2024-12-05T23:34:47Z,202412050WAS,40960b0e939d16dfb5565e4b010eb92e,2024-12-05 23:35:21.744564+00:00
Kyrie Irving,8.0,bovada,2024-12-05T23:34:47Z,202412050WAS,40960b0e939d16dfb5565e4b010eb92e,2024-12-05 23:35:21.744564+00:00
Dereck Lively II,8.0,bovada,2024-12-05T23:34:47Z,202412050WAS,40960b0e939d16dfb5565e4b010eb92e,2024-12-05 23:35:21.744564+00:00
Jonas Valanciunas,8.0,bovada,2024-12-05T23:34:47Z,202412050WAS,40960b0e939d16dfb5565e4b010eb92e,2024-12-05 23:35:21.744564+00:00
Klay Thompson,9.0,bovada,2024-12-05T23:34:47Z,202412050WAS,40960b0e939d16dfb5565e4b010eb92e,2024-12-05 23:35:21.744564+00:00
Alex Sarr,9.0,bovada,2024-12-05T23:34:47Z,202412050WAS,40960b0e939d16dfb5565e4b010eb92e,2024-12-05 23:35:21.744564+00:00
P.J. Washington,10.0,bovada,2024-12-05T23:34:47Z,202412050WAS,40960b0e939d16dfb5565e4b010eb92e,2024-12-05 23:35:21.744564+00:00
Malcolm Brogdon,10.0,bovada,2024-12-05T23:34:47Z,202412050WAS,40960b0e939d16dfb5565e4b010eb92e,2024-12-05 23:35:21.744564+00:00
Bilal Coulibaly,12.0,bovada,2024-12-05T23:34:47Z,202412050WAS,40960b0e939d16dfb5565e4b010eb92e,2024-12-05 23:35:21.744564+00:00
Giannis Antetokounmpo,3.55,draftkings,2024-12-08T20:15:33Z,202412080BRK,b04a03862d6825f5e36e9a66f9c1888f,2024-12-08 20:16:20.944797+00:00
Damian Lillard,6.0,draftkings,2024-12-08T20:15:33Z,202412080BRK,b04a03862d6825f5e36e9a66f9c1888f,2024-12-08 20:16:20.944797+00:00
Brook Lopez,7.5,draftkings,2024-12-08T20:15:33Z,202412080BRK,b04a03862d6825f5e36e9a66f9c1888f,2024-12-08 20:16:20.944797+00:00
Nicolas Claxton,8.5,draftkings,2024-12-08T20:15:33Z,202412080BRK,b04a03862d6825f5e36e9a66f9c1888f,2024-12-08 20:16:20.944797+00:00
Cameron Johnson,9.0,draftkings,2024-12-08T20:15:33Z,202412080BRK,b04a03862d6825f5e36e9a66f9c1888f,2024-12-08 20:16:20.944797+00:00
Dennis Schroder,10.0,draftkings,2024-12-08T20:15:33Z,202412080BRK,b04a03862d6825f5e36e9a66f9c1888f,2024-12-08 20:16:20.944797+00:00
Taurean Prince,12.0,draftkings,2024-12-08T20:15:33Z,202412080BRK,b04a03862d6825f5e36e9a66f9c1888f,2024-12-08 20:16:20.944797+00:00
Keon Johnson,13.0,draftkings,2024-12-08T20:15:33Z,202412080BRK,b04a03862d6825f5e36e9a66f9c1888f,2024-12-08 20:16:20.944797+00:00
Andre Jackson Jr,16.0,draftkings,2024-12-08T20:15:33Z,202412080BRK,b04a03862d6825f5e36e9a66f9c1888f,2024-12-08 20:16:20.944797+00:00
Dorian Finney-Smith,18.0,draftkings,2024-12-08T20:15:33Z,202412080BRK,b04a03862d6825f5e36e9a66f9c1888f,2024-12-08 20:16:20.944797+00:00
Giannis Antetokounmpo,4.8,fanduel,2024-12-08T20:16:11Z,202412080BRK,b04a03862d6825f5e36e9a66f9c1888f,2024-12-08 20:16:20.944797+00:00
Damian Lillard,6.0,fanduel,2024-12-08T20:16:11Z,202412080BRK,b04a03862d6825f5e36e9a66f9c1888f,2024-12-08 20:16:20.944797+00:00
Cameron Johnson,8.0,fanduel,2024-12-08T20:16:11Z,202412080BRK,b04a03862d6825f5e36e9a66f9c1888f,2024-12-08 20:16:20.944797+00:00
Dennis Schroder,9.0,fanduel,2024-12-08T20:16:11Z,202412080BRK,b04a03862d6825f5e36e9a66f9c1888f,2024-12-08 20:16:20.944797+00:00
Brook Lopez,9.5,fanduel,2024-12-08T20:16:11Z,202412080BRK,b04a03862d6825f5e36e9a66f9c1888f,2024-12-08 20:16:20.944797+00:00
Nicolas Claxton,9.0,fanduel,2024-12-08T20:16:11Z,202412080BRK,b04a03862d6825f5e36e9a66f9c1888f,2024-12-08 20:16:20.944797+00:00
Taurean Prince,9.0,fanduel,2024-12-08T20:16:11Z,202412080BRK,b04a03862d6825f5e36e9a66f9c1888f,2024-12-08 20:16:20.944797+00:00
Keon Johnson,12.0,fanduel,2024-12-08T20:16:11Z,202412080BRK,b04a03862d6825f5e36e9a66f9c1888f,2024-12-08 20:16:20.944797+00:00
Andre Jackson Jr,15.0,fanduel,2024-12-08T20:16:11Z,202412080BRK,b04a03862d6825f5e36e9a66f9c1888f,2024-12-08 20:16:20.944797+00:00
Dorian Finney-Smith,14.0,fanduel,2024-12-08T20:16:11Z,202412080BRK,b04a03862d6825f5e36e9a66f9c1888f,2024-12-08 20:16:20.944797+00:00
Giannis Antetokounmpo,4.0,bovada,2024-12-08T20:16:15Z,202412080BRK,b04a03862d6825f5e36e9a66f9c1888f,2024-12-08 20:16:20.944797+00:00
Damian Lillard,5.5,bovada,2024-12-08T20:16:15Z,202412080BRK,b04a03862d6825f5e36e9a66f9c1888f,2024-12-08 20:16:20.944797+00:00
Cameron Johnson,7.5,bovada,2024-12-08T20:16:15Z,202412080BRK,b04a03862d6825f5e36e9a66f9c1888f,2024-12-08 20:16:20.944797+00:00
Dennis Schroder,8.0,bovada,2024-12-08T20:16:15Z,202412080BRK,b04a03862d6825f5e36e9a66f9c1888f,2024-12-08 20:16:20.944797+00:00
Nicolas Claxton,9.0,bovada,2024-12-08T20:16:15Z,202412080BRK,b04a03862d6825f5e36e9a66f9c1888f,2024-12-08 20:16:20.944797+00:00
Brook Lopez,10.0,bovada,2024-12-08T20:16:15Z,202412080BRK,b04a03862d6825f5e36e9a66f9c1888f,2024-12-08 20:16:20.944797+00:00
Taurean Prince,11.0,bovada,2024-12-08T20:16:15Z,202412080BRK,b04a03862d6825f5e36e9a66f9c1888f,2024-12-08 20:16:20.944797+00:00
Jalen Wilson,12.0,bovada,2024-12-08T20:16:15Z,202412080BRK,b04a03862d6825f5e36e9a66f9c1888f,2024-12-08 20:16:20.944797+00:00
Andre Jackson Jr,14.0,bovada,2024-12-08T20:16:15Z,202412080BRK,b04a03862d6825f5e36e9a66f9c1888f,2024-12-08 20:16:20.944797+00:00
Dorian Finney-Smith,14.0,bovada,2024-12-08T20:16:15Z,202412080BRK,b04a03862d6825f5e36e9a66f9c1888f,2024-12-08 20:16:20.944797+00:00
Nicolas Claxton,9.0,betrivers,2024-12-08T20:16:16Z,202412080BRK,b04a03862d6825f5e36e9a66f9c1888f,2024-12-08 20:16:20.944797+00:00
Dorian Finney-Smith,13.0,betrivers,2024-12-08T20:16:16Z,202412080BRK,b04a03862d6825f5e36e9a66f9c1888f,2024-12-08 20:16:20.944797+00:00
Cameron Johnson,9.0,betrivers,2024-12-08T20:16:16Z,202412080BRK,b04a03862d6825f5e36e9a66f9c1888f,2024-12-08 20:16:20.944797+00:00
Keon Johnson,13.0,betrivers,2024-12-08T20:16:16Z,202412080BRK,b04a03862d6825f5e36e9a66f9c1888f,2024-12-08 20:16:20.944797+00:00
Dennis Schroder,8.0,betrivers,2024-12-08T20:16:16Z,202412080BRK,b04a03862d6825f5e36e9a66f9c1888f,2024-12-08 20:16:20.944797+00:00
Giannis Antetokounmpo,4.0,betrivers,2024-12-08T20:16:16Z,202412080BRK,b04a03862d6825f5e36e9a66f9c1888f,2024-12-08 20:16:20.944797+00:00
Andre Jackson Jr,13.0,betrivers,2024-12-08T20:16:16Z,202412080BRK,b04a03862d6825f5e36e9a66f9c1888f,2024-12-08 20:16:20.944797+00:00
Damian Lillard,6.0,betrivers,2024-12-08T20:16:16Z,202412080BRK,b04a03862d6825f5e36e9a66f9c1888f,2024-12-08 20:16:20.944797+00:00
Brook Lopez,9.0,betrivers,2024-12-08T20:16:16Z,202412080BRK,b04a03862d6825f5e36e9a66f9c1888f,2024-12-08 20:16:20.944797+00:00
Taurean Prince,13.0,betrivers,2024-12-08T20:16:16Z,202412080BRK,b04a03862d6825f5e36e9a66f9c1888f,2024-12-08 20:16:20.944797+00:00
Giannis Antetokounmpo,3.55,draftkings,2024-12-08T20:28:54Z,202412080BRK,b04a03862d6825f5e36e9a66f9c1888f,2024-12-08 20:29:09.135670+00:00
Damian Lillard,6.0,draftkings,2024-12-08T20:28:54Z,202412080BRK,b04a03862d6825f5e36e9a66f9c1888f,2024-12-08 20:29:09.135670+00:00
Brook Lopez,7.5,draftkings,2024-12-08T20:28:54Z,202412080BRK,b04a03862d6825f5e36e9a66f9c1888f,2024-12-08 20:29:09.135670+00:00
Nicolas Claxton,8.5,draftkings,2024-12-08T20:28:54Z,202412080BRK,b04a03862d6825f5e36e9a66f9c1888f,2024-12-08 20:29:09.135670+00:00
Cameron Johnson,9.0,draftkings,2024-12-08T20:28:54Z,202412080BRK,b04a03862d6825f5e36e9a66f9c1888f,2024-12-08 20:29:09.135670+00:00
Dennis Schroder,10.0,draftkings,2024-12-08T20:28:54Z,202412080BRK,b04a03862d6825f5e36e9a66f9c1888f,2024-12-08 20:29:09.135670+00:00
Taurean Prince,12.0,draftkings,2024-12-08T20:28:54Z,202412080BRK,b04a03862d6825f5e36e9a66f9c1888f,2024-12-08 20:29:09.135670+00:00
Keon Johnson,13.0,draftkings,2024-12-08T20:28:54Z,202412080BRK,b04a03862d6825f5e36e9a66f9c1888f,2024-12-08 20:29:09.135670+00:00
Andre Jackson Jr,16.0,draftkings,2024-12-08T20:28:54Z,202412080BRK,b04a03862d6825f5e36e9a66f9c1888f,2024-12-08 20:29:09.135670+00:00
Dorian Finney-Smith,18.0,draftkings,2024-12-08T20:28:54Z,202412080BRK,b04a03862d6825f5e36e9a66f9c1888f,2024-12-08 20:29:09.135670+00:00
Giannis Antetokounmpo,4.4,fanduel,2024-12-08T20:28:47Z,202412080BRK,b04a03862d6825f5e36e9a66f9c1888f,2024-12-08 20:29:09.135670+00:00
Damian Lillard,6.5,fanduel,2024-12-08T20:28:47Z,202412080BRK,b04a03862d6825f5e36e9a66f9c1888f,2024-12-08 20:29:09.135670+00:00
Cameron Johnson,8.0,fanduel,2024-12-08T20:28:47Z,202412080BRK,b04a03862d6825f5e36e9a66f9c1888f,2024-12-08 20:29:09.135670+00:00
Dennis Schroder,8.5,fanduel,2024-12-08T20:28:47Z,202412080BRK,b04a03862d6825f5e36e9a66f9c1888f,2024-12-08 20:29:09.135670+00:00
Nicolas Claxton,9.0,fanduel,2024-12-08T20:28:47Z,202412080BRK,b04a03862d6825f5e36e9a66f9c1888f,2024-12-08 20:29:09.135670+00:00
Brook Lopez,9.5,fanduel,2024-12-08T20:28:47Z,202412080BRK,b04a03862d6825f5e36e9a66f9c1888f,2024-12-08 20:29:09.135670+00:00
Taurean Prince,10.0,fanduel,2024-12-08T20:28:47Z,202412080BRK,b04a03862d6825f5e36e9a66f9c1888f,2024-12-08 20:29:09.135670+00:00
Keon Johnson,13.0,fanduel,2024-12-08T20:28:47Z,202412080BRK,b04a03862d6825f5e36e9a66f9c1888f,2024-12-08 20:29:09.135670+00:00
Andre Jackson Jr,15.0,fanduel,2024-12-08T20:28:47Z,202412080BRK,b04a03862d6825f5e36e9a66f9c1888f,2024-12-08 20:29:09.135670+00:00
Dorian Finney-Smith,15.0,fanduel,2024-12-08T20:28:47Z,202412080BRK,b04a03862d6825f5e36e9a66f9c1888f,2024-12-08 20:29:09.135670+00:00
Giannis Antetokounmpo,4.0,bovada,2024-12-08T20:28:23Z,202412080BRK,b04a03862d6825f5e36e9a66f9c1888f,2024-12-08 20:29:09.135670+00:00
Damian Lillard,5.5,bovada,2024-12-08T20:28:23Z,202412080BRK,b04a03862d6825f5e36e9a66f9c1888f,2024-12-08 20:29:09.135670+00:00
Cameron Johnson,7.5,bovada,2024-12-08T20:28:23Z,202412080BRK,b04a03862d6825f5e36e9a66f9c1888f,2024-12-08 20:29:09.135670+00:00
Dennis Schroder,8.0,bovada,2024-12-08T20:28:23Z,202412080BRK,b04a03862d6825f5e36e9a66f9c1888f,2024-12-08 20:29:09.135670+00:00
Nicolas Claxton,9.0,bovada,2024-12-08T20:28:23Z,202412080BRK,b04a03862d6825f5e36e9a66f9c1888f,2024-12-08 20:29:09.135670+00:00
Brook Lopez,10.0,bovada,2024-12-08T20:28:23Z,202412080BRK,b04a03862d6825f5e36e9a66f9c1888f,2024-12-08 20:29:09.135670+00:00
Taurean Prince,11.0,bovada,2024-12-08T20:28:23Z,202412080BRK,b04a03862d6825f5e36e9a66f9c1888f,2024-12-08 20:29:09.135670+00:00
Jalen Wilson,12.0,bovada,2024-12-08T20:28:23Z,202412080BRK,b04a03862d6825f5e36e9a66f9c1888f,2024-12-08 20:29:09.135670+00:00
Andre Jackson Jr,14.0,bovada,2024-12-08T20:28:23Z,202412080BRK,b04a03862d6825f5e36e9a66f9c1888f,2024-12-08 20:29:09.135670+00:00
Dorian Finney-Smith,14.0,bovada,2024-12-08T20:28:23Z,202412080BRK,b04a03862d6825f5e36e9a66f9c1888f,2024-12-08 20:29:09.135670+00:00
Nicolas Claxton,9.0,betrivers,2024-12-08T20:28:26Z,202412080BRK,b04a03862d6825f5e36e9a66f9c1888f,2024-12-08 20:29:09.135670+00:00
Dorian Finney-Smith,13.0,betrivers,2024-12-08T20:28:26Z,202412080BRK,b04a03862d6825f5e36e9a66f9c1888f,2024-12-08 20:29:09.135670+00:00
Cameron Johnson,9.0,betrivers,2024-12-08T20:28:26Z,202412080BRK,b04a03862d6825f5e36e9a66f9c1888f,2024-12-08 20:29:09.135670+00:00
Keon Johnson,13.0,betrivers,2024-12-08T20:28:26Z,202412080BRK,b04a03862d6825f5e36e9a66f9c1888f,2024-12-08 20:29:09.135670+00:00
Dennis Schroder,8.0,betrivers,2024-12-08T20:28:26Z,202412080BRK,b04a03862d6825f5e36e9a66f9c1888f,2024-12-08 20:29:09.135670+00:00
Giannis Antetokounmpo,4.0,betrivers,2024-12-08T20:28:26Z,202412080BRK,b04a03862d6825f5e36e9a66f9c1888f,2024-12-08 20:29:09.135670+00:00
Andre Jackson Jr,13.0,betrivers,2024-12-08T20:28:26Z,202412080BRK,b04a03862d6825f5e36e9a66f9c1888f,2024-12-08 20:29:09.135670+00:00
Damian Lillard,6.0,betrivers,2024-12-08T20:28:26Z,202412080BRK,b04a03862d6825f5e36e9a66f9c1888f,2024-12-08 20:29:09.135670+00:00
Brook Lopez,9.0,betrivers,2024-12-08T20:28:26Z,202412080BRK,b04a03862d6825f5e36e9a66f9c1888f,2024-12-08 20:29:09.135670+00:00
Taurean Prince,13.0,betrivers,2024-12-08T20:28:26Z,202412080BRK,b04a03862d6825f5e36e9a66f9c1888f,2024-12-08 20:29:09.135670+00:00
Brandon Miller,5.0,draftkings,2024-12-08T21:31:00Z,202412080IND,893abcad44bcaefd924d3fc880cce6c4,2024-12-08 21:31:40.079436+00:00
Myles Turner,7.0,draftkings,2024-12-08T21:31:00Z,202412080IND,893abcad44bcaefd924d3fc880cce6c4,2024-12-08 21:31:40.079436+00:00
Nick Richards,7.5,draftkings,2024-12-08T21:31:00Z,202412080IND,893abcad44bcaefd924d3fc880cce6c4,2024-12-08 21:31:40.079436+00:00
Andrew Nembhard,8.0,draftkings,2024-12-08T21:31:00Z,202412080IND,893abcad44bcaefd924d3fc880cce6c4,2024-12-08 21:31:40.079436+00:00
Pascal Siakam,8.0,draftkings,2024-12-08T21:31:00Z,202412080IND,893abcad44bcaefd924d3fc880cce6c4,2024-12-08 21:31:40.079436+00:00
Tyrese Haliburton,9.0,draftkings,2024-12-08T21:31:00Z,202412080IND,893abcad44bcaefd924d3fc880cce6c4,2024-12-08 21:31:40.079436+00:00
Bennedict Mathurin,9.0,draftkings,2024-12-08T21:31:00Z,202412080IND,893abcad44bcaefd924d3fc880cce6c4,2024-12-08 21:31:40.079436+00:00
Vasilije Micic,9.0,draftkings,2024-12-08T21:31:00Z,202412080IND,893abcad44bcaefd924d3fc880cce6c4,2024-12-08 21:31:40.079436+00:00
Cody Martin,11.0,draftkings,2024-12-08T21:31:00Z,202412080IND,893abcad44bcaefd924d3fc880cce6c4,2024-12-08 21:31:40.079436+00:00
Josh Green,11.0,draftkings,2024-12-08T21:31:00Z,202412080IND,893abcad44bcaefd924d3fc880cce6c4,2024-12-08 21:31:40.079436+00:00
Brandon Miller,7.0,fanduel,2024-12-08T21:31:19Z,202412080IND,893abcad44bcaefd924d3fc880cce6c4,2024-12-08 21:31:40.079436+00:00
Myles Turner,7.5,fanduel,2024-12-08T21:31:19Z,202412080IND,893abcad44bcaefd924d3fc880cce6c4,2024-12-08 21:31:40.079436+00:00
Pascal Siakam,7.5,fanduel,2024-12-08T21:31:19Z,202412080IND,893abcad44bcaefd924d3fc880cce6c4,2024-12-08 21:31:40.079436+00:00
Andrew Nembhard,8.0,fanduel,2024-12-08T21:31:19Z,202412080IND,893abcad44bcaefd924d3fc880cce6c4,2024-12-08 21:31:40.079436+00:00
Bennedict Mathurin,8.5,fanduel,2024-12-08T21:31:19Z,202412080IND,893abcad44bcaefd924d3fc880cce6c4,2024-12-08 21:31:40.079436+00:00
Nick Richards,8.5,fanduel,2024-12-08T21:31:19Z,202412080IND,893abcad44bcaefd924d3fc880cce6c4,2024-12-08 21:31:40.079436+00:00
Vasilije Micic,9.5,fanduel,2024-12-08T21:31:19Z,202412080IND,893abcad44bcaefd924d3fc880cce6c4,2024-12-08 21:31:40.079436+00:00
Cody Martin,9.5,fanduel,2024-12-08T21:31:19Z,202412080IND,893abcad44bcaefd924d3fc880cce6c4,2024-12-08 21:31:40.079436+00:00
Tyrese Haliburton,11.0,fanduel,2024-12-08T21:31:19Z,202412080IND,893abcad44bcaefd924d3fc880cce6c4,2024-12-08 21:31:40.079436+00:00
Josh Green,11.0,fanduel,2024-12-08T21:31:19Z,202412080IND,893abcad44bcaefd924d3fc880cce6c4,2024-12-08 21:31:40.079436+00:00
Brandon Miller,6.0,bovada,2024-12-08T21:31:05Z,202412080IND,893abcad44bcaefd924d3fc880cce6c4,2024-12-08 21:31:40.079436+00:00
Myles Turner,7.0,bovada,2024-12-08T21:31:05Z,202412080IND,893abcad44bcaefd924d3fc880cce6c4,2024-12-08 21:31:40.079436+00:00
Pascal Siakam,7.0,bovada,2024-12-08T21:31:05Z,202412080IND,893abcad44bcaefd924d3fc880cce6c4,2024-12-08 21:31:40.079436+00:00
Bennedict Mathurin,8.0,bovada,2024-12-08T21:31:05Z,202412080IND,893abcad44bcaefd924d3fc880cce6c4,2024-12-08 21:31:40.079436+00:00
Nick Richards,9.0,bovada,2024-12-08T21:31:05Z,202412080IND,893abcad44bcaefd924d3fc880cce6c4,2024-12-08 21:31:40.079436+00:00
Vasilije Micic,9.0,bovada,2024-12-08T21:31:05Z,202412080IND,893abcad44bcaefd924d3fc880cce6c4,2024-12-08 21:31:40.079436+00:00
Cody Martin,9.0,bovada,2024-12-08T21:31:05Z,202412080IND,893abcad44bcaefd924d3fc880cce6c4,2024-12-08 21:31:40.079436+00:00
Andrew Nembhard,9.0,bovada,2024-12-08T21:31:05Z,202412080IND,893abcad44bcaefd924d3fc880cce6c4,2024-12-08 21:31:40.079436+00:00
Tyrese Haliburton,11.0,bovada,2024-12-08T21:31:05Z,202412080IND,893abcad44bcaefd924d3fc880cce6c4,2024-12-08 21:31:40.079436+00:00
Josh Green,12.0,bovada,2024-12-08T21:31:05Z,202412080IND,893abcad44bcaefd924d3fc880cce6c4,2024-12-08 21:31:40.079436+00:00
Tyrese Haliburton,10.0,betrivers,2024-12-08T21:31:07Z,202412080IND,893abcad44bcaefd924d3fc880cce6c4,2024-12-08 21:31:40.079436+00:00
Bennedict Mathurin,8.0,betrivers,2024-12-08T21:31:07Z,202412080IND,893abcad44bcaefd924d3fc880cce6c4,2024-12-08 21:31:40.079436+00:00
Andrew Nembhard,9.0,betrivers,2024-12-08T21:31:07Z,202412080IND,893abcad44bcaefd924d3fc880cce6c4,2024-12-08 21:31:40.079436+00:00
Pascal Siakam,7.0,betrivers,2024-12-08T21:31:07Z,202412080IND,893abcad44bcaefd924d3fc880cce6c4,2024-12-08 21:31:40.079436+00:00
Myles Turner,7.0,betrivers,2024-12-08T21:31:07Z,202412080IND,893abcad44bcaefd924d3fc880cce6c4,2024-12-08 21:31:40.079436+00:00
Taj Gibson,9.0,betrivers,2024-12-08T21:31:07Z,202412080IND,893abcad44bcaefd924d3fc880cce6c4,2024-12-08 21:31:40.079436+00:00
Josh Green,11.0,betrivers,2024-12-08T21:31:07Z,202412080IND,893abcad44bcaefd924d3fc880cce6c4,2024-12-08 21:31:40.079436+00:00
Cody Martin,9.0,betrivers,2024-12-08T21:31:07Z,202412080IND,893abcad44bcaefd924d3fc880cce6c4,2024-12-08 21:31:40.079436+00:00
Vasilije Micic,9.0,betrivers,2024-12-08T21:31:07Z,202412080IND,893abcad44bcaefd924d3fc880cce6c4,2024-12-08 21:31:40.079436+00:00
Brandon Miller,7.0,betrivers,2024-12-08T21:31:07Z,202412080IND,893abcad44bcaefd924d3fc880cce6c4,2024-12-08 21:31:40.079436+00:00
